,Price,longitude,latitude,geometry
0,470.0,-73.6118,45.5583,POINT (-73.6118 45.5583)
1,1280.0,-73.6483,45.4915,POINT (-73.64830000000001 45.4915)
2,940.0,-73.7231,45.5353,POINT (-73.7231 45.5353)
3,1100.0,-73.8162,45.5145,POINT (-73.81619999999999 45.5145)
4,1600.0,-73.6974,45.5269,POINT (-73.6974 45.5269)
5,1915.0,-73.5679,45.503,POINT (-73.56789999999999 45.503)
6,1600.0,-73.5863,45.468,POINT (-73.58629999999999 45.468)
7,1495.0,-73.5798,45.4644,POINT (-73.57980000000001 45.4644)
8,1195.0,-73.6811,45.4496,POINT (-73.6811 45.4496)
9,1595.0,-73.6807,45.5329,POINT (-73.6807 45.5329)
10,1095.0,-73.6807,45.5329,POINT (-73.6807 45.5329)
11,1555.0,-73.6811,45.4496,POINT (-73.6811 45.4496)
12,1395.0,-73.6807,45.5329,POINT (-73.6807 45.5329)
13,1259.0,-73.6974,45.5269,POINT (-73.6974 45.5269)
14,985.0,-73.6974,45.5269,POINT (-73.6974 45.5269)
15,910.0,-73.7309,45.5148,POINT (-73.73090000000001 45.5148)
16,1015.0,-73.6807,45.5329,POINT (-73.6807 45.5329)
17,742.0,-73.6974,45.5269,POINT (-73.6974 45.5269)
18,990.0,-73.6974,45.5269,POINT (-73.6974 45.5269)
19,420.0,-73.659,45.5402,POINT (-73.65900000000001 45.5402)
20,1650.0,-73.5679,45.503,POINT (-73.56789999999999 45.503)
21,1325.0,-73.5559,45.5902,POINT (-73.55589999999999 45.5902)
22,480.0,-73.5798,45.4644,POINT (-73.57980000000001 45.4644)
23,1290.0,-73.5672,45.53,POINT (-73.5672 45.53)
24,1520.0,-73.5967,45.5123,POINT (-73.5967 45.5123)
25,1300.0,-73.5839,45.5194,POINT (-73.5839 45.5194)
26,1100.0,-73.5672,45.53,POINT (-73.5672 45.53)
27,500.0,-73.5928,45.5289,POINT (-73.5928 45.5289)
28,1325.0,-73.5967,45.5123,POINT (-73.5967 45.5123)
29,725.0,-73.5672,45.53,POINT (-73.5672 45.53)
30,850.0,-73.6292,45.5155,POINT (-73.6292 45.5155)
31,550.0,-73.6444,45.5652,POINT (-73.6444 45.5652)
32,1250.0,-73.5499,45.5719,POINT (-73.54989999999999 45.5719)
33,475.0,-73.6256,45.5522,POINT (-73.62560000000001 45.5522)
34,880.0,-73.6754,45.5529,POINT (-73.6754 45.5529)
35,1155.0,-73.6061,45.5434,POINT (-73.6061 45.5434)
36,1325.0,-73.5559,45.5902,POINT (-73.55589999999999 45.5902)
37,1155.0,-73.6061,45.5434,POINT (-73.6061 45.5434)
38,1350.0,-73.5798,45.4644,POINT (-73.57980000000001 45.4644)
39,490.0,-73.5236,45.6587,POINT (-73.5236 45.6587)
40,1295.0,-73.6252,45.4781,POINT (-73.62520000000001 45.4781)
41,1100.0,-73.5672,45.53,POINT (-73.5672 45.53)
42,695.0,-73.5672,45.53,POINT (-73.5672 45.53)
43,950.0,-73.6444,45.5652,POINT (-73.6444 45.5652)
44,470.0,-73.6118,45.5583,POINT (-73.6118 45.5583)
45,1280.0,-73.6483,45.4915,POINT (-73.64830000000001 45.4915)
46,820.0,-73.636,45.4681,POINT (-73.636 45.4681)
47,1800.0,-73.5679,45.503,POINT (-73.56789999999999 45.503)
48,425.0,-73.5362,45.5943,POINT (-73.53619999999999 45.5943)
49,1195.0,-73.5672,45.53,POINT (-73.5672 45.53)
50,825.0,-73.6061,45.5434,POINT (-73.6061 45.5434)
51,1280.0,-73.6483,45.4915,POINT (-73.64830000000001 45.4915)
52,1095.0,-73.5559,45.5902,POINT (-73.55589999999999 45.5902)
53,1425.0,-73.5744,45.5252,POINT (-73.5744 45.5252)
54,1975.0,-73.5744,45.5252,POINT (-73.5744 45.5252)
55,2000.0,-73.5725,45.4922,POINT (-73.57250000000001 45.4922)
56,1290.0,-73.5725,45.4922,POINT (-73.57250000000001 45.4922)
57,2025.0,-73.5725,45.4922,POINT (-73.57250000000001 45.4922)
58,1600.0,-73.6084,45.4551,POINT (-73.6084 45.4551)
59,1600.0,-73.6084,45.4551,POINT (-73.6084 45.4551)
60,1200.0,-73.6084,45.4551,POINT (-73.6084 45.4551)
61,1200.0,-73.6084,45.4551,POINT (-73.6084 45.4551)
62,1695.0,-73.5922,45.478,POINT (-73.59220000000001 45.478)
63,1600.0,-73.5744,45.5252,POINT (-73.5744 45.5252)
64,1300.0,-73.5744,45.5252,POINT (-73.5744 45.5252)
65,1930.0,-73.5744,45.5252,POINT (-73.5744 45.5252)
66,3000.0,-73.5739,45.5148,POINT (-73.57389999999999 45.5148)
67,1450.0,-73.5739,45.5148,POINT (-73.57389999999999 45.5148)
68,1225.0,-73.5739,45.5148,POINT (-73.57389999999999 45.5148)
69,1980.0,-73.5739,45.5148,POINT (-73.57389999999999 45.5148)
70,2300.0,-73.6153,45.5298,POINT (-73.6153 45.5298)
71,2200.0,-73.6153,45.5298,POINT (-73.6153 45.5298)
72,1375.0,-73.6153,45.5298,POINT (-73.6153 45.5298)
73,1250.0,-73.6153,45.5298,POINT (-73.6153 45.5298)
74,3400.0,-73.6153,45.5298,POINT (-73.6153 45.5298)
75,3400.0,-73.6153,45.5298,POINT (-73.6153 45.5298)
76,1375.0,-73.6153,45.5298,POINT (-73.6153 45.5298)
77,2200.0,-73.6153,45.5298,POINT (-73.6153 45.5298)
78,1250.0,-73.6153,45.5298,POINT (-73.6153 45.5298)
79,2700.0,-73.5725,45.4922,POINT (-73.57250000000001 45.4922)
80,2700.0,-73.5725,45.4922,POINT (-73.57250000000001 45.4922)
81,2300.0,-73.5725,45.4922,POINT (-73.57250000000001 45.4922)
82,2300.0,-73.5725,45.4922,POINT (-73.57250000000001 45.4922)
83,2150.0,-73.5725,45.4922,POINT (-73.57250000000001 45.4922)
84,2150.0,-73.5725,45.4922,POINT (-73.57250000000001 45.4922)
85,1550.0,-73.5725,45.4922,POINT (-73.57250000000001 45.4922)
86,1550.0,-73.5725,45.4922,POINT (-73.57250000000001 45.4922)
87,1500.0,-73.5744,45.5252,POINT (-73.5744 45.5252)
88,2995.0,-73.5744,45.5252,POINT (-73.5744 45.5252)
89,1100.0,-73.5967,45.5123,POINT (-73.5967 45.5123)
90,1429.0,-73.6229,45.5844,POINT (-73.6229 45.5844)
91,1300.0,-73.5928,45.5289,POINT (-73.5928 45.5289)
92,1500.0,-73.6464,45.5335,POINT (-73.6464 45.5335)
93,2450.0,-73.6024,45.5278,POINT (-73.6024 45.5278)
94,1235.0,-73.5744,45.5252,POINT (-73.5744 45.5252)
95,2025.0,-73.5739,45.5148,POINT (-73.57389999999999 45.5148)
96,2100.0,-73.5739,45.5148,POINT (-73.57389999999999 45.5148)
97,1310.0,-73.5739,45.5148,POINT (-73.57389999999999 45.5148)
98,1450.0,-73.5739,45.5148,POINT (-73.57389999999999 45.5148)
99,720.0,-73.6061,45.5434,POINT (-73.6061 45.5434)
100,1900.0,-73.6266,45.5452,POINT (-73.6266 45.5452)
101,1650.0,-73.6266,45.5452,POINT (-73.6266 45.5452)
102,1880.0,-73.5725,45.4922,POINT (-73.57250000000001 45.4922)
103,2280.0,-73.5725,45.4922,POINT (-73.57250000000001 45.4922)
104,2850.0,-73.5725,45.4922,POINT (-73.57250000000001 45.4922)
105,1570.0,-73.5725,45.4922,POINT (-73.57250000000001 45.4922)
106,1550.0,-73.6754,45.5529,POINT (-73.6754 45.5529)
107,1360.0,-73.6754,45.5529,POINT (-73.6754 45.5529)
108,1900.0,-73.5928,45.5289,POINT (-73.5928 45.5289)
109,1175.0,-73.5725,45.4922,POINT (-73.57250000000001 45.4922)
110,1175.0,-73.5739,45.5148,POINT (-73.57389999999999 45.5148)
111,1670.0,-73.5739,45.5148,POINT (-73.57389999999999 45.5148)
112,1360.0,-73.5739,45.5148,POINT (-73.57389999999999 45.5148)
113,1395.0,-73.5744,45.5252,POINT (-73.5744 45.5252)
114,1130.0,-73.5885,45.4909,POINT (-73.5885 45.4909)
115,875.0,-73.6266,45.5452,POINT (-73.6266 45.5452)
116,1351.0,-73.5457,45.4679,POINT (-73.5457 45.4679)
117,685.0,-73.6252,45.4781,POINT (-73.62520000000001 45.4781)
118,1290.0,,,POINT (nan nan)
119,840.0,-73.6524,45.5829,POINT (-73.6524 45.5829)
120,1810.0,,,POINT (nan nan)
121,750.0,-73.5928,45.5289,POINT (-73.5928 45.5289)
122,795.0,-73.6256,45.5522,POINT (-73.62560000000001 45.5522)
123,775.0,-73.5935,45.5577,POINT (-73.59350000000001 45.5577)
124,750.0,-73.636,45.4681,POINT (-73.636 45.4681)
125,3500.0,-73.653,45.5209,POINT (-73.65300000000001 45.5209)
126,800.0,-73.6256,45.5522,POINT (-73.62560000000001 45.5522)
127,915.0,-73.6524,45.5829,POINT (-73.6524 45.5829)
128,795.0,-73.6256,45.5522,POINT (-73.62560000000001 45.5522)
129,1300.0,-73.5559,45.5902,POINT (-73.55589999999999 45.5902)
130,2465.0,-73.6252,45.4781,POINT (-73.62520000000001 45.4781)
131,950.0,-73.5869,45.5653,POINT (-73.5869 45.5653)
132,1095.0,-73.5672,45.53,POINT (-73.5672 45.53)
133,1450.0,-73.6252,45.4781,POINT (-73.62520000000001 45.4781)
134,1350.0,-73.6974,45.5269,POINT (-73.6974 45.5269)
135,925.0,-73.5798,45.4644,POINT (-73.57980000000001 45.4644)
136,655.0,-73.6256,45.5522,POINT (-73.62560000000001 45.5522)
137,1280.0,-73.5729,45.6595,POINT (-73.5729 45.6595)
138,1280.0,-73.6144,45.5356,POINT (-73.6144 45.5356)
139,980.0,-73.636,45.4681,POINT (-73.636 45.4681)
140,1850.0,-73.6084,45.4551,POINT (-73.6084 45.4551)
141,788.0,-73.6974,45.5269,POINT (-73.6974 45.5269)
142,1800.0,-73.5863,45.468,POINT (-73.58629999999999 45.468)
143,775.0,-73.6048,45.6105,POINT (-73.6048 45.6105)
144,480.0,-73.5935,45.5577,POINT (-73.59350000000001 45.5577)
145,499.0,-73.5739,45.5148,POINT (-73.57389999999999 45.5148)
146,799.0,-73.6811,45.4496,POINT (-73.6811 45.4496)
147,1250.0,-73.7331,45.6089,POINT (-73.73309999999999 45.6089)
148,840.0,-73.6252,45.4781,POINT (-73.62520000000001 45.4781)
149,1275.0,-73.5428,45.6077,POINT (-73.5428 45.6077)
150,1100.0,-73.5928,45.5289,POINT (-73.5928 45.5289)
151,995.0,-73.6442,45.4988,POINT (-73.6442 45.4988)
152,1145.0,-73.6442,45.4988,POINT (-73.6442 45.4988)
153,1220.0,-73.5616,45.5423,POINT (-73.5616 45.5423)
154,1475.0,-73.6464,45.5335,POINT (-73.6464 45.5335)
155,795.0,-73.6464,45.5335,POINT (-73.6464 45.5335)
156,1285.0,-73.6144,45.5356,POINT (-73.6144 45.5356)
157,690.0,-73.5559,45.5902,POINT (-73.55589999999999 45.5902)
158,1095.0,-73.6252,45.4781,POINT (-73.62520000000001 45.4781)
159,2375.0,-73.5672,45.53,POINT (-73.5672 45.53)
160,1545.0,-73.5928,45.5289,POINT (-73.5928 45.5289)
161,1250.0,-73.5863,45.468,POINT (-73.58629999999999 45.468)
162,580.0,,,POINT (nan nan)
163,1275.0,-73.5928,45.5289,POINT (-73.5928 45.5289)
164,925.0,-73.6252,45.4781,POINT (-73.62520000000001 45.4781)
165,900.0,-73.6754,45.5529,POINT (-73.6754 45.5529)
166,1095.0,-73.6807,45.5329,POINT (-73.6807 45.5329)
167,1740.0,-73.5744,45.5252,POINT (-73.5744 45.5252)
168,995.0,-73.5739,45.5148,POINT (-73.57389999999999 45.5148)
169,1095.0,-73.5798,45.4644,POINT (-73.57980000000001 45.4644)
170,1184.0,-73.5457,45.4679,POINT (-73.5457 45.4679)
171,1745.0,-73.6024,45.5278,POINT (-73.6024 45.5278)
172,1750.0,-73.6515,45.55,POINT (-73.6515 45.55)
173,500.0,-73.5928,45.5289,POINT (-73.5928 45.5289)
174,1695.0,-73.6704,45.478,POINT (-73.6704 45.478)
175,1295.0,-73.6704,45.478,POINT (-73.6704 45.478)
176,3699.0,-73.5853,45.5019,POINT (-73.5853 45.5019)
177,3699.0,-73.5853,45.5019,POINT (-73.5853 45.5019)
178,1675.0,-73.5853,45.5019,POINT (-73.5853 45.5019)
179,2495.0,-73.5853,45.5019,POINT (-73.5853 45.5019)
180,2495.0,-73.5853,45.5019,POINT (-73.5853 45.5019)
181,699.0,-73.5672,45.5058,POINT (-73.5672 45.5058)
182,699.0,-73.5672,45.5058,POINT (-73.5672 45.5058)
183,1599.0,-73.636,45.4681,POINT (-73.636 45.4681)
184,1249.0,-73.636,45.4681,POINT (-73.636 45.4681)
185,1680.0,-73.7309,45.5148,POINT (-73.73090000000001 45.5148)
186,490.0,-73.5236,45.6587,POINT (-73.5236 45.6587)
187,1680.0,-73.7309,45.5148,POINT (-73.73090000000001 45.5148)
188,750.0,-73.5672,45.53,POINT (-73.5672 45.53)
189,2500.0,-73.6252,45.4781,POINT (-73.62520000000001 45.4781)
190,1550.0,-73.5744,45.5252,POINT (-73.5744 45.5252)
191,1824.0,-73.5739,45.5148,POINT (-73.57389999999999 45.5148)
192,2050.0,-73.5739,45.5148,POINT (-73.57389999999999 45.5148)
193,1465.0,-73.5744,45.5252,POINT (-73.5744 45.5252)
194,900.0,-73.6256,45.5522,POINT (-73.62560000000001 45.5522)
195,640.0,-73.5853,45.5019,POINT (-73.5853 45.5019)
196,1650.0,,,POINT (nan nan)
197,1429.0,-73.5739,45.5148,POINT (-73.57389999999999 45.5148)
198,1284.0,-73.616,45.5115,POINT (-73.616 45.5115)
199,1100.0,-73.5616,45.5423,POINT (-73.5616 45.5423)
200,1400.0,-73.5739,45.5148,POINT (-73.57389999999999 45.5148)
201,1390.0,-73.5739,45.5148,POINT (-73.57389999999999 45.5148)
202,2185.0,-73.5853,45.5019,POINT (-73.5853 45.5019)
203,3000.0,-73.5853,45.5019,POINT (-73.5853 45.5019)
204,750.0,-73.6515,45.55,POINT (-73.6515 45.55)
205,250.0,-73.6292,45.5155,POINT (-73.6292 45.5155)
206,1615.0,-73.6144,45.5356,POINT (-73.6144 45.5356)
207,910.0,-73.5616,45.5423,POINT (-73.5616 45.5423)
208,2624.0,-73.5739,45.5148,POINT (-73.57389999999999 45.5148)
209,1095.0,-73.6483,45.4915,POINT (-73.64830000000001 45.4915)
210,500.0,-73.5616,45.5423,POINT (-73.5616 45.5423)
211,2580.0,-73.5679,45.503,POINT (-73.56789999999999 45.503)
212,625.0,-73.6252,45.4781,POINT (-73.62520000000001 45.4781)
213,850.0,-73.5744,45.5252,POINT (-73.5744 45.5252)
214,995.0,-73.5869,45.5653,POINT (-73.5869 45.5653)
215,899.0,-73.5457,45.4679,POINT (-73.5457 45.4679)
216,1015.0,-73.6252,45.4781,POINT (-73.62520000000001 45.4781)
217,950.0,-73.6483,45.4915,POINT (-73.64830000000001 45.4915)
219,1949.0,-73.5457,45.4679,POINT (-73.5457 45.4679)
220,1931.0,-73.5853,45.5019,POINT (-73.5853 45.5019)
221,1100.0,-73.6144,45.5356,POINT (-73.6144 45.5356)
222,1000.0,-73.5798,45.4644,POINT (-73.57980000000001 45.4644)
223,890.0,-73.6483,45.4915,POINT (-73.64830000000001 45.4915)
224,435.0,-73.5744,45.5252,POINT (-73.5744 45.5252)
225,1100.0,-73.6256,45.5522,POINT (-73.62560000000001 45.5522)
226,875.0,-73.6811,45.4496,POINT (-73.6811 45.4496)
227,1495.0,-73.5559,45.5902,POINT (-73.55589999999999 45.5902)
228,1250.0,-73.5362,45.5943,POINT (-73.53619999999999 45.5943)
229,820.0,-73.5869,45.5653,POINT (-73.5869 45.5653)
230,1995.0,-73.5739,45.5148,POINT (-73.57389999999999 45.5148)
231,895.0,-73.6442,45.4988,POINT (-73.6442 45.4988)
232,330.0,-73.6418,45.5409,POINT (-73.6418 45.5409)
233,620.0,-73.598,45.5525,POINT (-73.598 45.5525)
234,1275.0,-73.5935,45.5577,POINT (-73.59350000000001 45.5577)
235,1550.0,,,POINT (nan nan)
236,1500.0,-73.6524,45.5829,POINT (-73.6524 45.5829)
237,1050.0,-73.5869,45.5653,POINT (-73.5869 45.5653)
238,1850.0,-73.5853,45.5019,POINT (-73.5853 45.5019)
239,700.0,-73.616,45.5115,POINT (-73.616 45.5115)
240,700.0,-73.616,45.5115,POINT (-73.616 45.5115)
241,800.0,-73.647,45.5664,POINT (-73.64700000000001 45.5664)
242,1700.0,-73.5798,45.4644,POINT (-73.57980000000001 45.4644)
243,765.0,-73.6483,45.4915,POINT (-73.64830000000001 45.4915)
244,1250.0,-73.5616,45.5423,POINT (-73.5616 45.5423)
245,590.0,-73.5837,45.5377,POINT (-73.58369999999999 45.5377)
246,1500.0,-73.5839,45.5194,POINT (-73.5839 45.5194)
247,1100.0,-73.6515,45.55,POINT (-73.6515 45.55)
248,1750.0,-73.5928,45.5289,POINT (-73.5928 45.5289)
249,700.0,-73.5362,45.5943,POINT (-73.53619999999999 45.5943)
250,1065.0,-73.5559,45.5902,POINT (-73.55589999999999 45.5902)
251,1150.0,-73.5798,45.4644,POINT (-73.57980000000001 45.4644)
252,795.0,-73.6292,45.5155,POINT (-73.6292 45.5155)
253,1450.0,-73.6256,45.5522,POINT (-73.62560000000001 45.5522)
254,1350.0,-73.6442,45.4988,POINT (-73.6442 45.4988)
255,995.0,-73.5616,45.5423,POINT (-73.5616 45.5423)
256,1300.0,-73.5935,45.5577,POINT (-73.59350000000001 45.5577)
257,1150.0,-73.5798,45.4644,POINT (-73.57980000000001 45.4644)
258,930.0,-73.5869,45.5653,POINT (-73.5869 45.5653)
259,1550.0,-73.5725,45.4922,POINT (-73.57250000000001 45.4922)
260,1100.0,-73.5428,45.6077,POINT (-73.5428 45.6077)
261,1320.0,-73.6292,45.5155,POINT (-73.6292 45.5155)
262,2345.0,-73.5967,45.5123,POINT (-73.5967 45.5123)
263,2345.0,-73.5967,45.5123,POINT (-73.5967 45.5123)
264,1790.0,-73.5967,45.5123,POINT (-73.5967 45.5123)
265,1605.0,-73.5967,45.5123,POINT (-73.5967 45.5123)
266,1450.0,-73.5967,45.5123,POINT (-73.5967 45.5123)
267,490.0,-73.5236,45.6587,POINT (-73.5236 45.6587)
268,1250.0,-73.647,45.5664,POINT (-73.64700000000001 45.5664)
269,950.0,-73.5979,45.4371,POINT (-73.5979 45.4371)
270,1600.0,,,POINT (nan nan)
271,1250.0,-73.5935,45.5577,POINT (-73.59350000000001 45.5577)
272,950.0,-73.598,45.5525,POINT (-73.598 45.5525)
273,750.0,-73.5362,45.5943,POINT (-73.53619999999999 45.5943)
274,1299.0,-73.5885,45.4909,POINT (-73.5885 45.4909)
275,1250.0,-73.5672,45.53,POINT (-73.5672 45.53)
276,1000.0,-73.6292,45.5155,POINT (-73.6292 45.5155)
277,1800.0,-73.5679,45.503,POINT (-73.56789999999999 45.503)
278,1395.0,-73.5928,45.5289,POINT (-73.5928 45.5289)
279,1200.0,-73.5502,45.6454,POINT (-73.5502 45.6454)
280,1195.0,-73.5928,45.5289,POINT (-73.5928 45.5289)
281,1025.0,-73.5967,45.5123,POINT (-73.5967 45.5123)
282,1025.0,-73.5967,45.5123,POINT (-73.5967 45.5123)
283,890.0,-73.6252,45.4781,POINT (-73.62520000000001 45.4781)
284,825.0,-73.6252,45.4781,POINT (-73.62520000000001 45.4781)
285,700.0,-73.6252,45.4781,POINT (-73.62520000000001 45.4781)
286,1005.0,-73.5967,45.5123,POINT (-73.5967 45.5123)
287,995.0,-73.5967,45.5123,POINT (-73.5967 45.5123)
288,755.0,-73.5967,45.5123,POINT (-73.5967 45.5123)
289,1345.0,-73.5967,45.5123,POINT (-73.5967 45.5123)
290,755.0,-73.5967,45.5123,POINT (-73.5967 45.5123)
291,1320.0,-73.5967,45.5123,POINT (-73.5967 45.5123)
292,1250.0,-73.6252,45.4781,POINT (-73.62520000000001 45.4781)
293,1550.0,-73.6252,45.4781,POINT (-73.62520000000001 45.4781)
294,1345.0,-73.6252,45.4781,POINT (-73.62520000000001 45.4781)
295,1525.0,-73.6252,45.4781,POINT (-73.62520000000001 45.4781)
296,1350.0,-73.6649,45.4575,POINT (-73.6649 45.4575)
297,1370.0,-73.636,45.4681,POINT (-73.636 45.4681)
298,1350.0,-73.6153,45.5298,POINT (-73.6153 45.5298)
299,1290.0,-73.5725,45.4922,POINT (-73.57250000000001 45.4922)
300,995.0,-73.5499,45.5719,POINT (-73.54989999999999 45.5719)
301,1250.0,-73.6252,45.4781,POINT (-73.62520000000001 45.4781)
302,1195.0,-73.6252,45.4781,POINT (-73.62520000000001 45.4781)
303,1280.0,-73.6153,45.5298,POINT (-73.6153 45.5298)
304,650.0,-73.6464,45.5335,POINT (-73.6464 45.5335)
305,825.0,-73.6153,45.5298,POINT (-73.6153 45.5298)
306,850.0,-73.6464,45.5335,POINT (-73.6464 45.5335)
307,850.0,-73.6464,45.5335,POINT (-73.6464 45.5335)
308,620.0,-73.598,45.5525,POINT (-73.598 45.5525)
309,1199.0,-73.5739,45.5148,POINT (-73.57389999999999 45.5148)
310,979.0,-73.5739,45.5148,POINT (-73.57389999999999 45.5148)
311,1099.0,-73.616,45.5115,POINT (-73.616 45.5115)
312,1149.0,-73.6442,45.4988,POINT (-73.6442 45.4988)
313,1399.0,-73.616,45.5115,POINT (-73.616 45.5115)
314,490.0,-73.6974,45.5269,POINT (-73.6974 45.5269)
315,1700.0,-73.5839,45.5194,POINT (-73.5839 45.5194)
316,1149.0,-73.6418,45.5409,POINT (-73.6418 45.5409)
317,660.0,-73.6144,45.5356,POINT (-73.6144 45.5356)
318,1085.0,-73.6256,45.5522,POINT (-73.62560000000001 45.5522)
319,1065.0,-73.6256,45.5522,POINT (-73.62560000000001 45.5522)
320,1095.0,-73.6256,45.5522,POINT (-73.62560000000001 45.5522)
321,2199.0,-73.5967,45.5123,POINT (-73.5967 45.5123)
322,650.0,-73.5744,45.5252,POINT (-73.5744 45.5252)
323,1400.0,-73.6229,45.5844,POINT (-73.6229 45.5844)
324,1200.0,-73.5739,45.5148,POINT (-73.57389999999999 45.5148)
325,915.0,-73.6524,45.5829,POINT (-73.6524 45.5829)
326,1575.0,-73.7331,45.6089,POINT (-73.73309999999999 45.6089)
327,2000.0,-73.6252,45.4781,POINT (-73.62520000000001 45.4781)
328,1724.0,-73.5967,45.5123,POINT (-73.5967 45.5123)
329,950.0,-73.6229,45.5844,POINT (-73.6229 45.5844)
330,1400.0,-73.5739,45.5148,POINT (-73.57389999999999 45.5148)
331,1250.0,-73.5362,45.5943,POINT (-73.53619999999999 45.5943)
332,975.0,-73.5935,45.5577,POINT (-73.59350000000001 45.5577)
333,730.0,-73.598,45.5525,POINT (-73.598 45.5525)
334,1305.0,-73.6266,45.5452,POINT (-73.6266 45.5452)
335,1350.0,-73.6442,45.4988,POINT (-73.6442 45.4988)
336,1250.0,-73.551,45.5702,POINT (-73.551 45.5702)
337,1895.0,-73.5744,45.5252,POINT (-73.5744 45.5252)
338,1750.0,-73.6464,45.5335,POINT (-73.6464 45.5335)
339,825.0,-73.6061,45.5434,POINT (-73.6061 45.5434)
340,685.0,-73.5935,45.5577,POINT (-73.59350000000001 45.5577)
341,1300.0,,,POINT (nan nan)
342,950.0,-73.6557,45.4473,POINT (-73.6557 45.4473)
343,1550.0,-73.5739,45.5148,POINT (-73.57389999999999 45.5148)
344,1550.0,-73.5928,45.5289,POINT (-73.5928 45.5289)
345,1450.0,-73.5744,45.5252,POINT (-73.5744 45.5252)
346,1225.0,-73.6292,45.5155,POINT (-73.6292 45.5155)
347,1400.0,-73.6389,45.6061,POINT (-73.63890000000001 45.6061)
348,1600.0,-73.5928,45.5289,POINT (-73.5928 45.5289)
349,795.0,-73.6557,45.4473,POINT (-73.6557 45.4473)
350,1125.0,-73.647,45.5664,POINT (-73.64700000000001 45.5664)
351,600.0,,,POINT (nan nan)
352,200.0,-73.7305,45.4617,POINT (-73.73050000000001 45.4617)
353,900.0,-73.6515,45.55,POINT (-73.6515 45.55)
354,1350.0,-73.5853,45.5019,POINT (-73.5853 45.5019)
355,550.0,-73.5928,45.5289,POINT (-73.5928 45.5289)
356,1500.0,-73.5928,45.5289,POINT (-73.5928 45.5289)
357,1450.0,-73.6252,45.4781,POINT (-73.62520000000001 45.4781)
358,1895.0,-73.5362,45.5943,POINT (-73.53619999999999 45.5943)
359,985.0,-73.6515,45.55,POINT (-73.6515 45.55)
360,1700.0,-73.5839,45.5194,POINT (-73.5839 45.5194)
361,1850.0,-73.6144,45.5356,POINT (-73.6144 45.5356)
362,850.0,-73.5869,45.5653,POINT (-73.5869 45.5653)
363,945.0,-73.5935,45.5577,POINT (-73.59350000000001 45.5577)
364,400.0,-73.564,45.4858,POINT (-73.56399999999999 45.4858)
365,1195.0,-73.5362,45.5943,POINT (-73.53619999999999 45.5943)
366,1110.0,-73.5967,45.5123,POINT (-73.5967 45.5123)
367,220.0,-73.5853,45.5019,POINT (-73.5853 45.5019)
368,1450.0,-73.6252,45.4781,POINT (-73.62520000000001 45.4781)
369,980.0,-73.5679,45.503,POINT (-73.56789999999999 45.503)
370,1950.0,-73.6266,45.5452,POINT (-73.6266 45.5452)
371,1275.0,-73.5935,45.5577,POINT (-73.59350000000001 45.5577)
372,800.0,-73.659,45.5402,POINT (-73.65900000000001 45.5402)
373,500.0,,,POINT (nan nan)
374,380.0,-73.564,45.4858,POINT (-73.56399999999999 45.4858)
375,800.0,-73.659,45.5402,POINT (-73.65900000000001 45.5402)
376,950.0,-73.5928,45.5289,POINT (-73.5928 45.5289)
377,1475.0,-73.6464,45.5335,POINT (-73.6464 45.5335)
378,1495.0,-73.6442,45.4988,POINT (-73.6442 45.4988)
379,1250.0,-73.551,45.5702,POINT (-73.551 45.5702)
380,650.0,-73.5616,45.5423,POINT (-73.5616 45.5423)
381,1570.0,-73.5725,45.4922,POINT (-73.57250000000001 45.4922)
382,520.0,-73.6144,45.5356,POINT (-73.6144 45.5356)
383,600.0,-73.5798,45.4644,POINT (-73.57980000000001 45.4644)
384,775.0,-73.5935,45.5577,POINT (-73.59350000000001 45.5577)
385,725.0,-73.5672,45.53,POINT (-73.5672 45.53)
386,535.0,-73.6024,45.5278,POINT (-73.6024 45.5278)
387,680.0,-73.6256,45.5522,POINT (-73.62560000000001 45.5522)
388,750.0,-73.6719,45.5593,POINT (-73.67189999999999 45.5593)
389,1200.0,-73.6144,45.5356,POINT (-73.6144 45.5356)
390,1200.0,-73.551,45.5702,POINT (-73.551 45.5702)
391,1175.0,-73.5967,45.5123,POINT (-73.5967 45.5123)
392,1395.0,-73.5672,45.5058,POINT (-73.5672 45.5058)
393,1350.0,-73.6252,45.4781,POINT (-73.62520000000001 45.4781)
394,1279.0,-73.5922,45.478,POINT (-73.59220000000001 45.478)
395,600.0,-73.5744,45.5252,POINT (-73.5744 45.5252)
396,1450.0,-73.551,45.5702,POINT (-73.551 45.5702)
397,1000.0,-73.6557,45.4473,POINT (-73.6557 45.4473)
398,600.0,-73.5672,45.53,POINT (-73.5672 45.53)
399,500.0,-73.6292,45.5155,POINT (-73.6292 45.5155)
400,715.0,-73.6979,45.5459,POINT (-73.6979 45.5459)
401,1350.0,-73.551,45.5702,POINT (-73.551 45.5702)
402,1275.0,-73.5837,45.5377,POINT (-73.58369999999999 45.5377)
403,700.0,-73.5744,45.5252,POINT (-73.5744 45.5252)
404,600.0,-73.5798,45.4644,POINT (-73.57980000000001 45.4644)
405,2095.0,-73.551,45.5702,POINT (-73.551 45.5702)
406,625.0,-73.5672,45.53,POINT (-73.5672 45.53)
407,825.0,-73.6807,45.5329,POINT (-73.6807 45.5329)
408,1300.0,-73.6807,45.5329,POINT (-73.6807 45.5329)
409,2500.0,-73.5672,45.53,POINT (-73.5672 45.53)
410,700.0,-73.6024,45.5278,POINT (-73.6024 45.5278)
411,1200.0,-73.5559,45.5902,POINT (-73.55589999999999 45.5902)
412,600.0,-73.5744,45.5252,POINT (-73.5744 45.5252)
413,2850.0,-73.5922,45.478,POINT (-73.59220000000001 45.478)
414,630.0,-73.6024,45.5278,POINT (-73.6024 45.5278)
415,1000.0,-73.6979,45.5459,POINT (-73.6979 45.5459)
416,1015.0,-73.5739,45.5148,POINT (-73.57389999999999 45.5148)
417,495.0,-73.8635,45.4873,POINT (-73.8635 45.4873)
418,730.0,-73.6444,45.5652,POINT (-73.6444 45.5652)
419,1510.0,-73.5744,45.5252,POINT (-73.5744 45.5252)
420,800.0,-73.5729,45.6595,POINT (-73.5729 45.6595)
421,2100.0,-73.5885,45.4909,POINT (-73.5885 45.4909)
422,595.0,-73.6292,45.5155,POINT (-73.6292 45.5155)
423,1350.0,-73.6442,45.4988,POINT (-73.6442 45.4988)
424,1500.0,-73.5798,45.4644,POINT (-73.57980000000001 45.4644)
425,1100.0,-73.5798,45.4644,POINT (-73.57980000000001 45.4644)
426,1195.0,-73.5499,45.5719,POINT (-73.54989999999999 45.5719)
427,4700.0,-73.5853,45.5019,POINT (-73.5853 45.5019)
428,1650.0,-73.5853,45.5019,POINT (-73.5853 45.5019)
429,1800.0,-73.5853,45.5019,POINT (-73.5853 45.5019)
430,1975.0,-73.5853,45.5019,POINT (-73.5853 45.5019)
431,1595.0,-73.5744,45.5252,POINT (-73.5744 45.5252)
432,2000.0,-74.034,45.4042,POINT (-74.03400000000001 45.4042)
433,1590.0,-73.5853,45.5019,POINT (-73.5853 45.5019)
434,1950.0,-73.5499,45.5719,POINT (-73.54989999999999 45.5719)
435,540.0,-73.5928,45.5289,POINT (-73.5928 45.5289)
436,1505.0,-73.5922,45.478,POINT (-73.59220000000001 45.478)
437,1690.0,-73.5744,45.5252,POINT (-73.5744 45.5252)
438,1895.0,-73.5967,45.5123,POINT (-73.5967 45.5123)
439,599.0,-73.5935,45.5577,POINT (-73.59350000000001 45.5577)
440,3100.0,-73.5885,45.4909,POINT (-73.5885 45.4909)
441,750.0,-73.5499,45.5719,POINT (-73.54989999999999 45.5719)
442,1595.0,-73.6811,45.4496,POINT (-73.6811 45.4496)
443,1320.0,-73.5739,45.5148,POINT (-73.57389999999999 45.5148)
444,880.0,-73.6979,45.5459,POINT (-73.6979 45.5459)
445,1915.0,-73.5679,45.503,POINT (-73.56789999999999 45.503)
446,975.0,-73.6444,45.5652,POINT (-73.6444 45.5652)
447,1600.0,-73.5863,45.468,POINT (-73.58629999999999 45.468)
448,1595.0,-73.6811,45.4496,POINT (-73.6811 45.4496)
449,599.0,-73.5935,45.5577,POINT (-73.59350000000001 45.5577)
450,900.0,-73.5837,45.5377,POINT (-73.58369999999999 45.5377)
451,856.0,-73.5739,45.5148,POINT (-73.57389999999999 45.5148)
452,690.0,-73.5499,45.5719,POINT (-73.54989999999999 45.5719)
453,803.0,-73.5739,45.5148,POINT (-73.57389999999999 45.5148)
454,1300.0,-73.6704,45.478,POINT (-73.6704 45.478)
455,738.0,-73.5739,45.5148,POINT (-73.57389999999999 45.5148)
456,900.0,-73.6515,45.55,POINT (-73.6515 45.55)
457,1400.0,-73.5967,45.5123,POINT (-73.5967 45.5123)
458,2000.0,-73.5853,45.5019,POINT (-73.5853 45.5019)
459,915.0,-73.6807,45.5329,POINT (-73.6807 45.5329)
460,1450.0,-73.5853,45.5019,POINT (-73.5853 45.5019)
461,840.0,-73.598,45.5525,POINT (-73.598 45.5525)
462,805.0,-73.6722,45.4991,POINT (-73.6722 45.4991)
463,1170.0,-73.5798,45.4644,POINT (-73.57980000000001 45.4644)
464,540.0,-73.6144,45.5356,POINT (-73.6144 45.5356)
465,740.0,-73.5744,45.5252,POINT (-73.5744 45.5252)
466,540.0,-73.6144,45.5356,POINT (-73.6144 45.5356)
467,1325.0,-73.598,45.5525,POINT (-73.598 45.5525)
468,1450.0,-73.5798,45.4644,POINT (-73.57980000000001 45.4644)
469,1500.0,-73.554,45.508,POINT (-73.554 45.508)
470,435.0,-73.6144,45.5356,POINT (-73.6144 45.5356)
471,540.0,-73.6144,45.5356,POINT (-73.6144 45.5356)
472,635.0,-73.5672,45.53,POINT (-73.5672 45.53)
473,480.0,-73.6144,45.5356,POINT (-73.6144 45.5356)
474,560.0,-73.6144,45.5356,POINT (-73.6144 45.5356)
475,1400.0,-73.5362,45.5943,POINT (-73.53619999999999 45.5943)
476,1000.0,-73.5863,45.468,POINT (-73.58629999999999 45.468)
477,720.0,-73.6061,45.5434,POINT (-73.6061 45.5434)
478,540.0,-73.6144,45.5356,POINT (-73.6144 45.5356)
479,615.0,-73.5672,45.53,POINT (-73.5672 45.53)
480,1100.0,-73.564,45.4858,POINT (-73.56399999999999 45.4858)
481,1915.0,-73.5679,45.503,POINT (-73.56789999999999 45.503)
482,820.0,-73.5922,45.478,POINT (-73.59220000000001 45.478)
483,1290.0,-73.598,45.5525,POINT (-73.598 45.5525)
484,1425.0,-73.5744,45.5252,POINT (-73.5744 45.5252)
485,1195.0,-73.5672,45.53,POINT (-73.5672 45.53)
486,490.0,-73.5236,45.6587,POINT (-73.5236 45.6587)
487,1230.0,-73.5869,45.5653,POINT (-73.5869 45.5653)
488,520.0,-73.6144,45.5356,POINT (-73.6144 45.5356)
489,2500.0,-73.6024,45.5278,POINT (-73.6024 45.5278)
490,1220.0,-73.5798,45.4644,POINT (-73.57980000000001 45.4644)
491,2465.0,-73.6252,45.4781,POINT (-73.62520000000001 45.4781)
492,615.0,-73.5672,45.53,POINT (-73.5672 45.53)
493,2035.0,-73.5853,45.5019,POINT (-73.5853 45.5019)
494,1165.0,-73.5967,45.5123,POINT (-73.5967 45.5123)
495,1170.0,-73.5967,45.5123,POINT (-73.5967 45.5123)
496,890.0,-73.5967,45.5123,POINT (-73.5967 45.5123)
497,1020.0,-73.5967,45.5123,POINT (-73.5967 45.5123)
498,3765.0,-73.5853,45.5019,POINT (-73.5853 45.5019)
499,1195.0,-73.5853,45.5019,POINT (-73.5853 45.5019)
500,1450.0,-73.5967,45.5123,POINT (-73.5967 45.5123)
501,1075.0,-73.5967,45.5123,POINT (-73.5967 45.5123)
502,1215.0,-73.5853,45.5019,POINT (-73.5853 45.5019)
503,1260.0,-73.5623,45.5066,POINT (-73.56229999999999 45.5066)
504,905.0,-73.5967,45.5123,POINT (-73.5967 45.5123)
505,2025.0,-73.5853,45.5019,POINT (-73.5853 45.5019)
506,1070.0,-73.5967,45.5123,POINT (-73.5967 45.5123)
507,1635.0,-73.5853,45.5019,POINT (-73.5853 45.5019)
508,1120.0,-73.5853,45.5019,POINT (-73.5853 45.5019)
509,1070.0,-73.5623,45.5066,POINT (-73.56229999999999 45.5066)
510,1080.0,-73.5967,45.5123,POINT (-73.5967 45.5123)
511,3270.0,-73.5853,45.5019,POINT (-73.5853 45.5019)
512,1300.0,-73.5967,45.5123,POINT (-73.5967 45.5123)
513,955.0,-73.5967,45.5123,POINT (-73.5967 45.5123)
514,1525.0,-73.5853,45.5019,POINT (-73.5853 45.5019)
515,1410.0,-73.5853,45.5019,POINT (-73.5853 45.5019)
516,1510.0,-73.5623,45.5066,POINT (-73.56229999999999 45.5066)
517,1340.0,-73.5623,45.5066,POINT (-73.56229999999999 45.5066)
518,3375.0,-73.5623,45.5066,POINT (-73.56229999999999 45.5066)
519,1190.0,-73.5853,45.5019,POINT (-73.5853 45.5019)
520,1700.0,-73.6722,45.4991,POINT (-73.6722 45.4991)
521,615.0,-73.5672,45.53,POINT (-73.5672 45.53)
522,775.0,-73.5502,45.6454,POINT (-73.5502 45.6454)
523,1400.0,,,POINT (nan nan)
524,1400.0,-73.6557,45.4473,POINT (-73.6557 45.4473)
525,1475.0,-73.6464,45.5335,POINT (-73.6464 45.5335)
526,3400.0,-73.6153,45.5298,POINT (-73.6153 45.5298)
527,1300.0,-73.5672,45.53,POINT (-73.5672 45.53)
528,2895.0,-73.5853,45.5019,POINT (-73.5853 45.5019)
529,1950.0,-73.5672,45.53,POINT (-73.5672 45.53)
530,2400.0,-73.5672,45.53,POINT (-73.5672 45.53)
531,1400.0,-73.5616,45.5423,POINT (-73.5616 45.5423)
532,2500.0,-73.5922,45.478,POINT (-73.59220000000001 45.478)
533,360.0,-73.6444,45.5652,POINT (-73.6444 45.5652)
534,550.0,-73.6906,45.5067,POINT (-73.6906 45.5067)
535,1575.0,-73.5967,45.5123,POINT (-73.5967 45.5123)
536,865.0,-73.5744,45.5252,POINT (-73.5744 45.5252)
537,850.0,-73.5967,45.5123,POINT (-73.5967 45.5123)
538,1095.0,-73.5744,45.5252,POINT (-73.5744 45.5252)
539,865.0,-73.5739,45.5148,POINT (-73.57389999999999 45.5148)
540,1825.0,-73.5798,45.4644,POINT (-73.57980000000001 45.4644)
541,1450.0,-73.5672,45.53,POINT (-73.5672 45.53)
542,1000.0,-73.7733,45.4409,POINT (-73.77330000000001 45.4409)
543,775.0,-73.7733,45.4409,POINT (-73.77330000000001 45.4409)
544,1045.0,-73.6524,45.5829,POINT (-73.6524 45.5829)
545,1300.0,-73.6524,45.5829,POINT (-73.6524 45.5829)
546,865.0,-73.6524,45.5829,POINT (-73.6524 45.5829)
547,1174.0,-73.5672,45.53,POINT (-73.5672 45.53)
548,995.0,-73.5935,45.5577,POINT (-73.59350000000001 45.5577)
549,1055.0,-73.5672,45.53,POINT (-73.5672 45.53)
550,1500.0,-73.7192,45.4648,POINT (-73.7192 45.4648)
551,780.0,-73.6266,45.5452,POINT (-73.6266 45.5452)
552,1238.0,-73.5616,45.5423,POINT (-73.5616 45.5423)
553,500.0,-73.6292,45.5155,POINT (-73.6292 45.5155)
554,500.0,-73.564,45.4858,POINT (-73.56399999999999 45.4858)
555,1199.0,-73.6256,45.5522,POINT (-73.62560000000001 45.5522)
556,1695.0,-73.5863,45.468,POINT (-73.58629999999999 45.468)
557,1695.0,-73.5798,45.4644,POINT (-73.57980000000001 45.4644)
558,1300.0,-73.6256,45.5522,POINT (-73.62560000000001 45.5522)
559,1218.0,-73.5967,45.5123,POINT (-73.5967 45.5123)
560,1100.0,-73.6722,45.4991,POINT (-73.6722 45.4991)
561,975.0,-73.6807,45.5329,POINT (-73.6807 45.5329)
562,950.0,-73.5798,45.4644,POINT (-73.57980000000001 45.4644)
563,490.0,-73.5928,45.5289,POINT (-73.5928 45.5289)
564,1595.0,-73.636,45.4681,POINT (-73.636 45.4681)
565,1295.0,-73.636,45.4681,POINT (-73.636 45.4681)
566,4500.0,-73.5744,45.5252,POINT (-73.5744 45.5252)
567,2400.0,-73.6266,45.5452,POINT (-73.6266 45.5452)
568,775.0,-73.5935,45.5577,POINT (-73.59350000000001 45.5577)
569,1550.0,-73.6266,45.5452,POINT (-73.6266 45.5452)
570,1945.0,-73.8207,45.4748,POINT (-73.8207 45.4748)
571,450.0,-73.5798,45.4644,POINT (-73.57980000000001 45.4644)
572,500.0,-73.5236,45.6587,POINT (-73.5236 45.6587)
573,1100.0,-73.5502,45.6454,POINT (-73.5502 45.6454)
574,1795.0,-73.6256,45.5522,POINT (-73.62560000000001 45.5522)
575,1795.0,-73.5967,45.5123,POINT (-73.5967 45.5123)
576,1300.0,,,POINT (nan nan)
577,1380.0,-73.5362,45.5943,POINT (-73.53619999999999 45.5943)
578,1445.0,-73.5744,45.5252,POINT (-73.5744 45.5252)
579,1150.0,-73.5672,45.53,POINT (-73.5672 45.53)
580,1100.0,,,POINT (nan nan)
581,1000.0,-73.5739,45.5148,POINT (-73.57389999999999 45.5148)
582,510.0,-73.564,45.4858,POINT (-73.56399999999999 45.4858)
583,1300.0,,,POINT (nan nan)
584,1250.0,-73.5616,45.5423,POINT (-73.5616 45.5423)
585,1100.0,-73.6266,45.5452,POINT (-73.6266 45.5452)
586,3100.0,-73.554,45.508,POINT (-73.554 45.508)
587,1695.0,,,POINT (nan nan)
588,1225.0,-73.6252,45.4781,POINT (-73.62520000000001 45.4781)
589,490.0,-73.5236,45.6587,POINT (-73.5236 45.6587)
590,1100.0,,,POINT (nan nan)
591,1840.0,-73.5928,45.5289,POINT (-73.5928 45.5289)
592,500.0,-73.6256,45.5522,POINT (-73.62560000000001 45.5522)
593,845.0,-73.598,45.5525,POINT (-73.598 45.5525)
594,895.0,-73.5863,45.468,POINT (-73.58629999999999 45.468)
595,1100.0,-73.6524,45.5829,POINT (-73.6524 45.5829)
596,3600.0,-73.5928,45.5289,POINT (-73.5928 45.5289)
597,1295.0,-73.6061,45.5434,POINT (-73.6061 45.5434)
598,1355.0,-73.5869,45.5653,POINT (-73.5869 45.5653)
599,800.0,-73.5559,45.5902,POINT (-73.55589999999999 45.5902)
600,450.0,-73.5863,45.468,POINT (-73.58629999999999 45.468)
601,1150.0,-73.6722,45.4991,POINT (-73.6722 45.4991)
602,1750.0,-73.5928,45.5289,POINT (-73.5928 45.5289)
603,1595.0,-73.6144,45.5356,POINT (-73.6144 45.5356)
604,620.0,,,POINT (nan nan)
605,800.0,-73.6557,45.4473,POINT (-73.6557 45.4473)
606,1300.0,-73.5502,45.6454,POINT (-73.5502 45.6454)
607,1300.0,-73.5672,45.53,POINT (-73.5672 45.53)
608,1370.0,-73.636,45.4681,POINT (-73.636 45.4681)
609,1695.0,-73.6144,45.5356,POINT (-73.6144 45.5356)
610,595.0,-73.6292,45.5155,POINT (-73.6292 45.5155)
611,1450.0,-73.5672,45.53,POINT (-73.5672 45.53)
612,1100.0,-73.5672,45.53,POINT (-73.5672 45.53)
613,900.0,-73.5362,45.5943,POINT (-73.53619999999999 45.5943)
614,1250.0,-73.647,45.5664,POINT (-73.64700000000001 45.5664)
615,1100.0,-73.5672,45.53,POINT (-73.5672 45.53)
616,500.0,-73.6256,45.5522,POINT (-73.62560000000001 45.5522)
617,530.0,-73.6754,45.5529,POINT (-73.6754 45.5529)
618,825.0,-73.6754,45.5529,POINT (-73.6754 45.5529)
619,1100.0,-73.616,45.5115,POINT (-73.616 45.5115)
620,672.0,-73.5869,45.5653,POINT (-73.5869 45.5653)
621,595.0,-73.6153,45.5298,POINT (-73.6153 45.5298)
622,1900.0,-73.5928,45.5289,POINT (-73.5928 45.5289)
623,1200.0,-73.5798,45.4644,POINT (-73.57980000000001 45.4644)
624,795.0,-73.564,45.4858,POINT (-73.56399999999999 45.4858)
625,1395.0,-73.6557,45.4473,POINT (-73.6557 45.4473)
626,1650.0,-73.5744,45.5252,POINT (-73.5744 45.5252)
627,875.0,-73.564,45.4858,POINT (-73.56399999999999 45.4858)
628,1600.0,-73.6442,45.4988,POINT (-73.6442 45.4988)
629,1050.0,-73.6048,45.6105,POINT (-73.6048 45.6105)
630,1590.0,-73.5744,45.5252,POINT (-73.5744 45.5252)
631,1350.0,-73.5985,45.5716,POINT (-73.5985 45.5716)
632,1550.0,-73.5928,45.5289,POINT (-73.5928 45.5289)
633,1940.0,,,POINT (nan nan)
634,2525.0,-73.6024,45.5278,POINT (-73.6024 45.5278)
635,1670.0,-73.5885,45.4909,POINT (-73.5885 45.4909)
636,1796.0,-73.5853,45.5019,POINT (-73.5853 45.5019)
637,1385.0,-73.5679,45.503,POINT (-73.56789999999999 45.503)
638,1346.0,-73.5853,45.5019,POINT (-73.5853 45.5019)
639,1150.0,-73.5739,45.5148,POINT (-73.57389999999999 45.5148)
640,1295.0,-73.5623,45.5066,POINT (-73.56229999999999 45.5066)
641,1440.0,-73.5853,45.5019,POINT (-73.5853 45.5019)
642,2876.0,-73.5853,45.5019,POINT (-73.5853 45.5019)
643,1250.0,-73.5739,45.5148,POINT (-73.57389999999999 45.5148)
644,1825.0,-73.5679,45.503,POINT (-73.56789999999999 45.503)
645,900.0,-73.5869,45.5653,POINT (-73.5869 45.5653)
646,925.0,-73.5744,45.5252,POINT (-73.5744 45.5252)
647,980.0,-73.6442,45.4988,POINT (-73.6442 45.4988)
648,1000.0,-73.5616,45.5423,POINT (-73.5616 45.5423)
649,2050.0,-73.6252,45.4781,POINT (-73.62520000000001 45.4781)
650,1125.0,-73.647,45.5664,POINT (-73.64700000000001 45.5664)
651,1200.0,-73.5863,45.468,POINT (-73.58629999999999 45.468)
652,1400.0,-73.6557,45.4473,POINT (-73.6557 45.4473)
653,899.0,-73.5457,45.4679,POINT (-73.5457 45.4679)
654,1000.0,-73.5616,45.5423,POINT (-73.5616 45.5423)
655,2250.0,-73.5744,45.5252,POINT (-73.5744 45.5252)
656,990.0,-73.5744,45.5252,POINT (-73.5744 45.5252)
657,995.0,-73.5499,45.5719,POINT (-73.54989999999999 45.5719)
658,800.0,-73.6807,45.5329,POINT (-73.6807 45.5329)
659,650.0,-73.6084,45.4551,POINT (-73.6084 45.4551)
660,1750.0,-73.5672,45.53,POINT (-73.5672 45.53)
661,1600.0,-73.5928,45.5289,POINT (-73.5928 45.5289)
662,695.0,-73.5246,45.5284,POINT (-73.52460000000001 45.5284)
663,1600.0,-73.5744,45.5252,POINT (-73.5744 45.5252)
664,1650.0,-73.6061,45.5434,POINT (-73.6061 45.5434)
665,585.0,-73.6256,45.5522,POINT (-73.62560000000001 45.5522)
666,1200.0,-73.5839,45.5194,POINT (-73.5839 45.5194)
667,1970.0,-73.6084,45.4551,POINT (-73.6084 45.4551)
668,1375.0,-73.6704,45.478,POINT (-73.6704 45.478)
669,1875.0,-73.6704,45.478,POINT (-73.6704 45.478)
670,730.0,-73.6389,45.6061,POINT (-73.63890000000001 45.6061)
671,1500.0,-73.6118,45.5583,POINT (-73.6118 45.5583)
672,1150.0,-73.659,45.5402,POINT (-73.65900000000001 45.5402)
673,1295.0,-73.5928,45.5289,POINT (-73.5928 45.5289)
674,550.0,-73.6256,45.5522,POINT (-73.62560000000001 45.5522)
675,805.0,-73.5853,45.5019,POINT (-73.5853 45.5019)
676,1195.0,-73.5672,45.53,POINT (-73.5672 45.53)
677,1035.0,-73.5853,45.5019,POINT (-73.5853 45.5019)
678,1665.0,-73.5853,45.5019,POINT (-73.5853 45.5019)
679,1166.0,-73.5853,45.5019,POINT (-73.5853 45.5019)
680,780.0,-73.5672,45.53,POINT (-73.5672 45.53)
681,500.0,-73.6024,45.5278,POINT (-73.6024 45.5278)
682,975.0,-73.5616,45.5423,POINT (-73.5616 45.5423)
683,840.0,-73.5672,45.53,POINT (-73.5672 45.53)
684,1100.0,-73.8162,45.5145,POINT (-73.81619999999999 45.5145)
685,995.0,-73.5616,45.5423,POINT (-73.5616 45.5423)
686,1700.0,-73.6389,45.6061,POINT (-73.63890000000001 45.6061)
687,550.0,-73.5744,45.5252,POINT (-73.5744 45.5252)
688,725.0,-73.5744,45.5252,POINT (-73.5744 45.5252)
689,1000.0,-73.8162,45.5145,POINT (-73.81619999999999 45.5145)
690,1000.0,-73.8162,45.5145,POINT (-73.81619999999999 45.5145)
691,825.0,-73.6292,45.5155,POINT (-73.6292 45.5155)
692,1600.0,-73.7309,45.5148,POINT (-73.73090000000001 45.5148)
693,625.0,-73.6252,45.4781,POINT (-73.62520000000001 45.4781)
694,1700.0,-73.5679,45.503,POINT (-73.56789999999999 45.503)
695,1290.0,-73.598,45.5525,POINT (-73.598 45.5525)
696,870.0,-73.647,45.5664,POINT (-73.64700000000001 45.5664)
697,1600.0,-73.6084,45.4551,POINT (-73.6084 45.4551)
698,825.0,-73.6292,45.5155,POINT (-73.6292 45.5155)
699,1600.0,-73.7309,45.5148,POINT (-73.73090000000001 45.5148)
700,1450.0,-73.6061,45.5434,POINT (-73.6061 45.5434)
701,730.0,-73.5744,45.5252,POINT (-73.5744 45.5252)
702,650.0,-73.5729,45.6595,POINT (-73.5729 45.6595)
703,1450.0,-73.6974,45.5269,POINT (-73.6974 45.5269)
704,1950.0,-73.6483,45.4915,POINT (-73.64830000000001 45.4915)
705,900.0,-73.5985,45.5716,POINT (-73.5985 45.5716)
706,1500.0,-73.6464,45.5335,POINT (-73.6464 45.5335)
707,1130.0,-73.6464,45.5335,POINT (-73.6464 45.5335)
708,1050.0,-73.5744,45.5252,POINT (-73.5744 45.5252)
709,1500.0,-73.5739,45.5148,POINT (-73.57389999999999 45.5148)
710,1415.0,-73.5739,45.5148,POINT (-73.57389999999999 45.5148)
711,1087.0,-73.5739,45.5148,POINT (-73.57389999999999 45.5148)
712,500.0,-73.6084,45.4551,POINT (-73.6084 45.4551)
713,881.0,-73.5967,45.5123,POINT (-73.5967 45.5123)
714,1715.0,-73.6153,45.5298,POINT (-73.6153 45.5298)
715,680.0,-73.6024,45.5278,POINT (-73.6024 45.5278)
716,1199.0,-73.6252,45.4781,POINT (-73.62520000000001 45.4781)
717,1087.0,-73.5967,45.5123,POINT (-73.5967 45.5123)
718,1150.0,-73.5744,45.5252,POINT (-73.5744 45.5252)
719,470.0,-73.6118,45.5583,POINT (-73.6118 45.5583)
720,1975.0,-73.5922,45.478,POINT (-73.59220000000001 45.478)
721,1100.0,-73.598,45.5525,POINT (-73.598 45.5525)
722,595.0,-73.6252,45.4781,POINT (-73.62520000000001 45.4781)
723,1200.0,-73.6442,45.4988,POINT (-73.6442 45.4988)
724,1400.0,,,POINT (nan nan)
725,1410.0,-73.5853,45.5019,POINT (-73.5853 45.5019)
726,1200.0,-73.5679,45.503,POINT (-73.56789999999999 45.503)
727,1300.0,-73.5853,45.5019,POINT (-73.5853 45.5019)
728,1525.0,-73.5679,45.503,POINT (-73.56789999999999 45.503)
729,2300.0,-73.5679,45.503,POINT (-73.56789999999999 45.503)
730,1705.0,-73.5725,45.4922,POINT (-73.57250000000001 45.4922)
731,1495.0,-73.5725,45.4922,POINT (-73.57250000000001 45.4922)
732,900.0,-73.6555,45.4755,POINT (-73.6555 45.4755)
733,618.0,-73.6557,45.4473,POINT (-73.6557 45.4473)
734,1600.0,-73.5967,45.5123,POINT (-73.5967 45.5123)
735,3200.0,-73.6418,45.5409,POINT (-73.6418 45.5409)
736,2895.0,-73.5853,45.5019,POINT (-73.5853 45.5019)
737,1695.0,-73.564,45.4858,POINT (-73.56399999999999 45.4858)
738,925.0,-73.6807,45.5329,POINT (-73.6807 45.5329)
739,1400.0,-73.6555,45.4755,POINT (-73.6555 45.4755)
740,895.0,-73.5672,45.53,POINT (-73.5672 45.53)
741,1350.0,-73.5967,45.5123,POINT (-73.5967 45.5123)
742,1750.0,-73.653,45.5209,POINT (-73.65300000000001 45.5209)
743,1250.0,,,POINT (nan nan)
744,1750.0,-73.5739,45.5148,POINT (-73.57389999999999 45.5148)
745,1195.0,-73.653,45.5209,POINT (-73.65300000000001 45.5209)
746,1295.0,-73.653,45.5209,POINT (-73.65300000000001 45.5209)
747,1195.0,-73.653,45.5209,POINT (-73.65300000000001 45.5209)
748,995.0,-73.653,45.5209,POINT (-73.65300000000001 45.5209)
749,1295.0,-73.6483,45.4915,POINT (-73.64830000000001 45.4915)
750,850.0,-73.6464,45.5335,POINT (-73.6464 45.5335)
751,1085.0,-73.6256,45.5522,POINT (-73.62560000000001 45.5522)
752,1590.0,-73.8207,45.4748,POINT (-73.8207 45.4748)
753,1475.0,-73.8207,45.4748,POINT (-73.8207 45.4748)
754,1700.0,-73.618,45.489,POINT (-73.61799999999999 45.489)
755,540.0,-73.5928,45.5289,POINT (-73.5928 45.5289)
756,2795.0,-73.5744,45.5252,POINT (-73.5744 45.5252)
757,425.0,-73.4481,45.4966,POINT (-73.4481 45.4966)
758,1180.0,-73.6292,45.5155,POINT (-73.6292 45.5155)
759,540.0,-73.6118,45.5583,POINT (-73.6118 45.5583)
760,1300.0,-73.6084,45.4551,POINT (-73.6084 45.4551)
761,650.0,-73.6464,45.5335,POINT (-73.6464 45.5335)
762,1300.0,-73.564,45.4858,POINT (-73.56399999999999 45.4858)
763,1300.0,-73.6555,45.4755,POINT (-73.6555 45.4755)
764,540.0,-73.6292,45.5155,POINT (-73.6292 45.5155)
765,700.0,-73.5672,45.53,POINT (-73.5672 45.53)
766,2083.0,-73.551,45.5702,POINT (-73.551 45.5702)
767,970.0,-73.5935,45.5577,POINT (-73.59350000000001 45.5577)
768,600.0,,,POINT (nan nan)
769,1265.0,-73.5928,45.5289,POINT (-73.5928 45.5289)
770,525.0,-73.6024,45.5278,POINT (-73.6024 45.5278)
771,865.0,-73.6515,45.55,POINT (-73.6515 45.55)
772,680.0,-73.5928,45.5289,POINT (-73.5928 45.5289)
773,760.0,-73.5928,45.5289,POINT (-73.5928 45.5289)
774,450.0,-73.5863,45.468,POINT (-73.58629999999999 45.468)
775,925.0,-73.5869,45.5653,POINT (-73.5869 45.5653)
776,850.0,-73.647,45.5664,POINT (-73.64700000000001 45.5664)
777,685.0,-73.6252,45.4781,POINT (-73.62520000000001 45.4781)
778,760.0,-73.5928,45.5289,POINT (-73.5928 45.5289)
779,1150.0,-73.5559,45.5902,POINT (-73.55589999999999 45.5902)
780,1500.0,-73.6229,45.5844,POINT (-73.6229 45.5844)
781,850.0,-73.5967,45.5123,POINT (-73.5967 45.5123)
782,1875.0,-73.6704,45.478,POINT (-73.6704 45.478)
783,1250.0,-73.5744,45.5252,POINT (-73.5744 45.5252)
784,850.0,-73.6118,45.5583,POINT (-73.6118 45.5583)
785,1200.0,,,POINT (nan nan)
786,1250.0,-73.5798,45.4644,POINT (-73.57980000000001 45.4644)
787,1300.0,-73.6256,45.5522,POINT (-73.62560000000001 45.5522)
788,2200.0,-73.5928,45.5289,POINT (-73.5928 45.5289)
789,1200.0,-73.6292,45.5155,POINT (-73.6292 45.5155)
790,2400.0,-73.5928,45.5289,POINT (-73.5928 45.5289)
791,1700.0,-73.5744,45.5252,POINT (-73.5744 45.5252)
792,1350.0,-73.6524,45.5829,POINT (-73.6524 45.5829)
793,1800.0,-73.5672,45.53,POINT (-73.5672 45.53)
794,1600.0,-73.5672,45.53,POINT (-73.5672 45.53)
795,1700.0,-73.5928,45.5289,POINT (-73.5928 45.5289)
796,1250.0,-73.5672,45.53,POINT (-73.5672 45.53)
797,650.0,-73.6061,45.5434,POINT (-73.6061 45.5434)
798,1100.0,-73.6557,45.4473,POINT (-73.6557 45.4473)
799,870.0,-73.6292,45.5155,POINT (-73.6292 45.5155)
800,1630.0,-73.5839,45.5194,POINT (-73.5839 45.5194)
801,1250.0,-73.5839,45.5194,POINT (-73.5839 45.5194)
802,1265.0,-73.5744,45.5252,POINT (-73.5744 45.5252)
803,700.0,-73.5672,45.53,POINT (-73.5672 45.53)
804,1250.0,-73.5798,45.4644,POINT (-73.57980000000001 45.4644)
805,1815.0,-73.5679,45.503,POINT (-73.56789999999999 45.503)
806,1605.0,-73.5679,45.503,POINT (-73.56789999999999 45.503)
807,2435.0,-73.5679,45.503,POINT (-73.56789999999999 45.503)
808,1605.0,-73.5679,45.503,POINT (-73.56789999999999 45.503)
809,700.0,-73.5672,45.53,POINT (-73.5672 45.53)
810,1350.0,-73.5837,45.5377,POINT (-73.58369999999999 45.5377)
811,1400.0,-73.5922,45.478,POINT (-73.59220000000001 45.478)
812,1850.0,-73.5672,45.53,POINT (-73.5672 45.53)
813,1250.0,-73.5616,45.5423,POINT (-73.5616 45.5423)
814,1645.0,-73.6292,45.5155,POINT (-73.6292 45.5155)
815,1800.0,-73.5672,45.53,POINT (-73.5672 45.53)
816,1650.0,-73.5922,45.478,POINT (-73.59220000000001 45.478)
817,950.0,-73.6061,45.5434,POINT (-73.6061 45.5434)
818,2083.0,-73.551,45.5702,POINT (-73.551 45.5702)
819,1400.0,,,POINT (nan nan)
820,1900.0,-73.6442,45.4988,POINT (-73.6442 45.4988)
821,1575.0,-73.5967,45.5123,POINT (-73.5967 45.5123)
822,1500.0,-73.6229,45.5844,POINT (-73.6229 45.5844)
823,775.0,-73.5935,45.5577,POINT (-73.59350000000001 45.5577)
824,950.0,-73.7231,45.5353,POINT (-73.7231 45.5353)
825,1400.0,,,POINT (nan nan)
826,900.0,-73.5985,45.5716,POINT (-73.5985 45.5716)
827,389.0,-73.7231,45.5353,POINT (-73.7231 45.5353)
828,2200.0,-73.7231,45.5353,POINT (-73.7231 45.5353)
829,1380.0,-73.5428,45.6077,POINT (-73.5428 45.6077)
830,975.0,-73.6483,45.4915,POINT (-73.64830000000001 45.4915)
831,1550.0,-73.5679,45.503,POINT (-73.56789999999999 45.503)
832,1500.0,-73.5928,45.5289,POINT (-73.5928 45.5289)
833,1200.0,-73.6515,45.55,POINT (-73.6515 45.55)
834,1300.0,-73.5837,45.5377,POINT (-73.58369999999999 45.5377)
835,1450.0,-73.6649,45.4575,POINT (-73.6649 45.4575)
836,1800.0,-73.5869,45.5653,POINT (-73.5869 45.5653)
837,975.0,-73.6483,45.4915,POINT (-73.64830000000001 45.4915)
838,945.0,-73.5499,45.5719,POINT (-73.54989999999999 45.5719)
839,820.0,-73.5502,45.6454,POINT (-73.5502 45.6454)
840,850.0,-73.5839,45.5194,POINT (-73.5839 45.5194)
841,1515.0,-73.5928,45.5289,POINT (-73.5928 45.5289)
842,995.0,-73.6464,45.5335,POINT (-73.6464 45.5335)
843,975.0,-73.6483,45.4915,POINT (-73.64830000000001 45.4915)
844,1526.0,-73.5967,45.5123,POINT (-73.5967 45.5123)
845,1076.0,-73.5967,45.5123,POINT (-73.5967 45.5123)
846,1238.0,-73.5967,45.5123,POINT (-73.5967 45.5123)
847,1000.0,-73.6252,45.4781,POINT (-73.62520000000001 45.4781)
848,850.0,-73.598,45.5525,POINT (-73.598 45.5525)
849,875.0,-73.5928,45.5289,POINT (-73.5928 45.5289)
850,999.0,-73.564,45.4858,POINT (-73.56399999999999 45.4858)
851,869.0,-73.6974,45.5269,POINT (-73.6974 45.5269)
852,699.0,-73.6974,45.5269,POINT (-73.6974 45.5269)
853,1260.0,-73.6974,45.5269,POINT (-73.6974 45.5269)
854,825.0,-73.6974,45.5269,POINT (-73.6974 45.5269)
855,1565.0,-73.7231,45.5353,POINT (-73.7231 45.5353)
856,2375.0,-73.5457,45.4679,POINT (-73.5457 45.4679)
857,2300.0,-73.6252,45.4781,POINT (-73.62520000000001 45.4781)
858,2980.0,-73.7309,45.5148,POINT (-73.73090000000001 45.5148)
859,895.0,-73.6144,45.5356,POINT (-73.6144 45.5356)
860,1145.0,-73.6061,45.5434,POINT (-73.6061 45.5434)
861,1000.0,-73.6524,45.5829,POINT (-73.6524 45.5829)
862,940.0,-73.636,45.4681,POINT (-73.636 45.4681)
863,915.0,-73.6807,45.5329,POINT (-73.6807 45.5329)
864,1395.0,-73.6807,45.5329,POINT (-73.6807 45.5329)
865,1915.0,-73.5679,45.503,POINT (-73.56789999999999 45.503)
866,916.0,-73.5739,45.5148,POINT (-73.57389999999999 45.5148)
867,750.0,-73.5839,45.5194,POINT (-73.5839 45.5194)
868,1300.0,-73.5679,45.503,POINT (-73.56789999999999 45.503)
869,1095.0,-73.6256,45.5522,POINT (-73.62560000000001 45.5522)
870,2083.0,-73.551,45.5702,POINT (-73.551 45.5702)
871,600.0,-73.6464,45.5335,POINT (-73.6464 45.5335)
872,950.0,-73.5839,45.5194,POINT (-73.5839 45.5194)
873,980.0,-73.6256,45.5522,POINT (-73.62560000000001 45.5522)
874,700.0,-73.6084,45.4551,POINT (-73.6084 45.4551)
875,500.0,-73.6524,45.5829,POINT (-73.6524 45.5829)
876,1600.0,-73.6229,45.5844,POINT (-73.6229 45.5844)
877,1080.0,-73.616,45.5115,POINT (-73.616 45.5115)
878,480.0,-73.5935,45.5577,POINT (-73.59350000000001 45.5577)
879,660.0,-73.5744,45.5252,POINT (-73.5744 45.5252)
880,500.0,,,POINT (nan nan)
881,1095.0,-73.6256,45.5522,POINT (-73.62560000000001 45.5522)
882,785.0,-73.6389,45.6061,POINT (-73.63890000000001 45.6061)
883,1400.0,-73.5869,45.5653,POINT (-73.5869 45.5653)
884,1820.0,-73.616,45.5115,POINT (-73.616 45.5115)
885,1700.0,-73.6256,45.5522,POINT (-73.62560000000001 45.5522)
886,1800.0,-73.5869,45.5653,POINT (-73.5869 45.5653)
887,700.0,-73.5672,45.53,POINT (-73.5672 45.53)
888,1350.0,-73.616,45.5115,POINT (-73.616 45.5115)
889,1095.0,-73.6061,45.5434,POINT (-73.6061 45.5434)
890,820.0,-73.5922,45.478,POINT (-73.59220000000001 45.478)
891,800.0,-73.6153,45.5298,POINT (-73.6153 45.5298)
892,250.0,-73.6292,45.5155,POINT (-73.6292 45.5155)
893,730.0,-73.6557,45.4473,POINT (-73.6557 45.4473)
894,1100.0,-73.5798,45.4644,POINT (-73.57980000000001 45.4644)
895,1550.0,-73.5679,45.503,POINT (-73.56789999999999 45.503)
896,3020.0,-73.5679,45.503,POINT (-73.56789999999999 45.503)
897,1325.0,-73.5679,45.503,POINT (-73.56789999999999 45.503)
898,1150.0,-73.6266,45.5452,POINT (-73.6266 45.5452)
899,1800.0,-73.7231,45.5353,POINT (-73.7231 45.5353)
900,1595.0,-73.5839,45.5194,POINT (-73.5839 45.5194)
901,1050.0,-73.5798,45.4644,POINT (-73.57980000000001 45.4644)
902,1630.0,-73.5928,45.5289,POINT (-73.5928 45.5289)
903,1095.0,-73.6418,45.5409,POINT (-73.6418 45.5409)
904,1250.0,-73.5935,45.5577,POINT (-73.59350000000001 45.5577)
905,1095.0,-73.5839,45.5194,POINT (-73.5839 45.5194)
906,1690.0,-73.551,45.5702,POINT (-73.551 45.5702)
907,2900.0,-73.5839,45.5194,POINT (-73.5839 45.5194)
908,760.0,-73.5616,45.5423,POINT (-73.5616 45.5423)
909,825.0,-73.6061,45.5434,POINT (-73.6061 45.5434)
910,1195.0,-73.5672,45.53,POINT (-73.5672 45.53)
911,1095.0,-73.5839,45.5194,POINT (-73.5839 45.5194)
912,1495.0,-73.5839,45.5194,POINT (-73.5839 45.5194)
913,720.0,-73.6515,45.55,POINT (-73.6515 45.55)
914,1225.0,-73.5798,45.4644,POINT (-73.57980000000001 45.4644)
915,900.0,-73.6442,45.4988,POINT (-73.6442 45.4988)
916,1695.0,-73.6144,45.5356,POINT (-73.6144 45.5356)
917,700.0,-73.5798,45.4644,POINT (-73.57980000000001 45.4644)
918,1300.0,-73.6266,45.5452,POINT (-73.6266 45.5452)
919,1450.0,-73.647,45.5664,POINT (-73.64700000000001 45.5664)
920,1450.0,-73.647,45.5664,POINT (-73.64700000000001 45.5664)
921,870.0,-73.6979,45.5459,POINT (-73.6979 45.5459)
922,1375.0,-73.6153,45.5298,POINT (-73.6153 45.5298)
923,1695.0,-73.6153,45.5298,POINT (-73.6153 45.5298)
924,975.0,-73.6442,45.4988,POINT (-73.6442 45.4988)
925,1850.0,-73.6722,45.4991,POINT (-73.6722 45.4991)
926,1129.0,-73.5457,45.4679,POINT (-73.5457 45.4679)
927,1299.0,-73.5457,45.4679,POINT (-73.5457 45.4679)
928,1749.0,-73.5457,45.4679,POINT (-73.5457 45.4679)
929,1199.0,-73.5457,45.4679,POINT (-73.5457 45.4679)
930,1199.0,-73.5457,45.4679,POINT (-73.5457 45.4679)
931,1775.0,-73.6177,45.4965,POINT (-73.6177 45.4965)
932,1015.0,-73.6177,45.4965,POINT (-73.6177 45.4965)
933,1499.0,-73.6177,45.4965,POINT (-73.6177 45.4965)
934,1050.0,-73.6979,45.5459,POINT (-73.6979 45.5459)
935,1475.0,-73.5679,45.503,POINT (-73.56789999999999 45.503)
936,2145.0,-73.5837,45.5377,POINT (-73.58369999999999 45.5377)
937,1350.0,-73.5967,45.5123,POINT (-73.5967 45.5123)
938,1295.0,-73.5672,45.53,POINT (-73.5672 45.53)
939,1135.0,-73.7231,45.5353,POINT (-73.7231 45.5353)
940,990.0,-73.7231,45.5353,POINT (-73.7231 45.5353)
941,2725.0,-73.6442,45.4988,POINT (-73.6442 45.4988)
942,2995.0,-73.6442,45.4988,POINT (-73.6442 45.4988)
943,2125.0,-73.6442,45.4988,POINT (-73.6442 45.4988)
944,1295.0,-73.6442,45.4988,POINT (-73.6442 45.4988)
945,1395.0,-73.6024,45.5278,POINT (-73.6024 45.5278)
946,1550.0,-73.9012,45.5141,POINT (-73.9012 45.5141)
947,3100.0,-73.5885,45.4909,POINT (-73.5885 45.4909)
948,995.0,-73.7231,45.5353,POINT (-73.7231 45.5353)
949,1495.0,-73.5928,45.5289,POINT (-73.5928 45.5289)
950,1475.0,-73.6464,45.5335,POINT (-73.6464 45.5335)
951,1128.0,-73.6252,45.4781,POINT (-73.62520000000001 45.4781)
952,1250.0,-73.551,45.5702,POINT (-73.551 45.5702)
953,899.0,-73.5457,45.4679,POINT (-73.5457 45.4679)
954,500.0,-73.6515,45.55,POINT (-73.6515 45.55)
955,380.0,-73.5616,45.5423,POINT (-73.5616 45.5423)
956,2500.0,-73.5679,45.503,POINT (-73.56789999999999 45.503)
957,1200.0,-73.6266,45.5452,POINT (-73.6266 45.5452)
958,925.0,-73.6061,45.5434,POINT (-73.6061 45.5434)
959,1250.0,-73.6118,45.5583,POINT (-73.6118 45.5583)
960,833.0,-73.5672,45.53,POINT (-73.5672 45.53)
961,1750.0,-73.5935,45.5577,POINT (-73.59350000000001 45.5577)
962,1450.0,-73.6515,45.55,POINT (-73.6515 45.55)
963,1250.0,-73.5672,45.53,POINT (-73.5672 45.53)
964,915.0,-73.6389,45.6061,POINT (-73.63890000000001 45.6061)
965,425.0,-73.5499,45.5719,POINT (-73.54989999999999 45.5719)
966,1025.0,-73.5616,45.5423,POINT (-73.5616 45.5423)
967,710.0,-73.551,45.5702,POINT (-73.551 45.5702)
968,995.0,-73.5616,45.5423,POINT (-73.5616 45.5423)
969,965.0,-73.6061,45.5434,POINT (-73.6061 45.5434)
970,1320.0,-73.5739,45.5148,POINT (-73.57389999999999 45.5148)
971,1650.0,-73.5616,45.5423,POINT (-73.5616 45.5423)
972,995.0,-73.6061,45.5434,POINT (-73.6061 45.5434)
973,1695.0,-73.6144,45.5356,POINT (-73.6144 45.5356)
974,985.0,-73.6483,45.4915,POINT (-73.64830000000001 45.4915)
975,1025.0,-73.6722,45.4991,POINT (-73.6722 45.4991)
976,1350.0,-73.6545,45.5181,POINT (-73.6545 45.5181)
977,1900.0,-73.6545,45.5181,POINT (-73.6545 45.5181)
978,795.0,-73.5885,45.4909,POINT (-73.5885 45.4909)
979,2150.0,-73.6252,45.4781,POINT (-73.62520000000001 45.4781)
980,1675.0,-73.564,45.4858,POINT (-73.56399999999999 45.4858)
981,1320.0,-73.5739,45.5148,POINT (-73.57389999999999 45.5148)
982,1350.0,-73.6118,45.5583,POINT (-73.6118 45.5583)
983,1500.0,-73.6256,45.5522,POINT (-73.62560000000001 45.5522)
984,1750.0,-73.5928,45.5289,POINT (-73.5928 45.5289)
985,500.0,-73.5672,45.53,POINT (-73.5672 45.53)
986,2300.0,-73.6442,45.4988,POINT (-73.6442 45.4988)
987,1995.0,-73.5853,45.5019,POINT (-73.5853 45.5019)
988,4500.0,-73.653,45.5209,POINT (-73.65300000000001 45.5209)
989,2530.0,-73.7309,45.5148,POINT (-73.73090000000001 45.5148)
990,1810.0,-73.5935,45.5577,POINT (-73.59350000000001 45.5577)
991,1650.0,-73.5922,45.478,POINT (-73.59220000000001 45.478)
992,925.0,-73.5818,45.4532,POINT (-73.5818 45.4532)
993,1320.0,-73.5739,45.5148,POINT (-73.57389999999999 45.5148)
994,1290.0,-73.6252,45.4781,POINT (-73.62520000000001 45.4781)
995,2530.0,-73.7309,45.5148,POINT (-73.73090000000001 45.5148)
996,4000.0,-73.7733,45.4409,POINT (-73.77330000000001 45.4409)
997,895.0,-73.6256,45.5522,POINT (-73.62560000000001 45.5522)
998,1150.0,-73.6483,45.4915,POINT (-73.64830000000001 45.4915)
999,1300.0,-73.6442,45.4988,POINT (-73.6442 45.4988)
1000,525.0,-73.6266,45.5452,POINT (-73.6266 45.5452)
1001,530.0,-73.6515,45.55,POINT (-73.6515 45.55)
1002,1000.0,-73.6515,45.55,POINT (-73.6515 45.55)
1003,1630.0,-73.6252,45.4781,POINT (-73.62520000000001 45.4781)
1004,1350.0,-73.5616,45.5423,POINT (-73.5616 45.5423)
1005,2100.0,-73.5725,45.4922,POINT (-73.57250000000001 45.4922)
1006,1595.0,-73.5922,45.478,POINT (-73.59220000000001 45.478)
1007,450.0,-73.6144,45.5356,POINT (-73.6144 45.5356)
1008,1190.0,-73.5672,45.53,POINT (-73.5672 45.53)
1009,950.0,-73.5362,45.5943,POINT (-73.53619999999999 45.5943)
1010,1500.0,-73.5928,45.5289,POINT (-73.5928 45.5289)
1011,850.0,-73.6061,45.5434,POINT (-73.6061 45.5434)
1012,1100.0,-73.6266,45.5452,POINT (-73.6266 45.5452)
1013,500.0,,,POINT (nan nan)
1014,755.0,-73.6754,45.5529,POINT (-73.6754 45.5529)
1015,1190.0,-73.6266,45.5452,POINT (-73.6266 45.5452)
1016,1900.0,-73.5798,45.4644,POINT (-73.57980000000001 45.4644)
1017,2300.0,-73.6153,45.5298,POINT (-73.6153 45.5298)
1018,1245.0,-73.6266,45.5452,POINT (-73.6266 45.5452)
1019,895.0,-73.5935,45.5577,POINT (-73.59350000000001 45.5577)
1020,1650.0,-73.6524,45.5829,POINT (-73.6524 45.5829)
1021,800.0,-73.6144,45.5356,POINT (-73.6144 45.5356)
1022,1800.0,-73.5616,45.5423,POINT (-73.5616 45.5423)
1023,1025.0,-73.598,45.5525,POINT (-73.598 45.5525)
1024,1495.0,-73.5922,45.478,POINT (-73.59220000000001 45.478)
1025,1150.0,,,POINT (nan nan)
1026,725.0,-73.5616,45.5423,POINT (-73.5616 45.5423)
1027,1350.0,-73.5744,45.5252,POINT (-73.5744 45.5252)
1028,575.0,-73.9515,45.418,POINT (-73.9515 45.418)
1029,1000.0,-73.6704,45.478,POINT (-73.6704 45.478)
1030,1350.0,-73.5967,45.5123,POINT (-73.5967 45.5123)
1031,1100.0,-73.8162,45.5145,POINT (-73.81619999999999 45.5145)
1032,1400.0,-73.6557,45.4473,POINT (-73.6557 45.4473)
1033,1875.0,-73.5499,45.5719,POINT (-73.54989999999999 45.5719)
1034,795.0,-73.6524,45.5829,POINT (-73.6524 45.5829)
1035,1050.0,-73.6442,45.4988,POINT (-73.6442 45.4988)
1036,550.0,-73.6266,45.5452,POINT (-73.6266 45.5452)
1037,1524.0,-73.5739,45.5148,POINT (-73.57389999999999 45.5148)
1038,1375.0,-73.5967,45.5123,POINT (-73.5967 45.5123)
1039,850.0,-73.6292,45.5155,POINT (-73.6292 45.5155)
1040,700.0,,,POINT (nan nan)
1041,800.0,-73.5739,45.5148,POINT (-73.57389999999999 45.5148)
1042,1100.0,-73.6266,45.5452,POINT (-73.6266 45.5452)
1043,1150.0,-73.5863,45.468,POINT (-73.58629999999999 45.468)
1044,1450.0,-73.7309,45.5148,POINT (-73.73090000000001 45.5148)
1045,495.0,,,POINT (nan nan)
1046,1199.0,-73.5798,45.4644,POINT (-73.57980000000001 45.4644)
1047,1399.0,-73.6061,45.5434,POINT (-73.6061 45.5434)
1048,1500.0,-73.5744,45.5252,POINT (-73.5744 45.5252)
1049,600.0,,,POINT (nan nan)
1050,880.0,-73.6256,45.5522,POINT (-73.62560000000001 45.5522)
1051,1200.0,-73.6266,45.5452,POINT (-73.6266 45.5452)
1052,1550.0,-73.5559,45.5902,POINT (-73.55589999999999 45.5902)
1053,1290.0,-73.5967,45.5123,POINT (-73.5967 45.5123)
1054,550.0,-73.5839,45.5194,POINT (-73.5839 45.5194)
1055,350.0,-73.7733,45.4409,POINT (-73.77330000000001 45.4409)
1056,2895.0,-73.5922,45.478,POINT (-73.59220000000001 45.478)
1057,1475.0,-73.6024,45.5278,POINT (-73.6024 45.5278)
1058,700.0,,,POINT (nan nan)
1059,850.0,-73.7494,45.3944,POINT (-73.74939999999999 45.3944)
1060,1500.0,-73.5798,45.4644,POINT (-73.57980000000001 45.4644)
1061,950.0,-73.7231,45.5353,POINT (-73.7231 45.5353)
1062,1500.0,-73.5744,45.5252,POINT (-73.5744 45.5252)
1063,590.0,-73.7231,45.5353,POINT (-73.7231 45.5353)
1064,1300.0,-73.5672,45.53,POINT (-73.5672 45.53)
1065,1350.0,-73.6144,45.5356,POINT (-73.6144 45.5356)
1066,1445.0,-73.6754,45.5529,POINT (-73.6754 45.5529)
1067,1690.0,-73.6515,45.55,POINT (-73.6515 45.55)
1068,1599.0,-73.5679,45.503,POINT (-73.56789999999999 45.503)
1069,2000.0,-73.5744,45.5252,POINT (-73.5744 45.5252)
1070,1500.0,-73.6084,45.4551,POINT (-73.6084 45.4551)
1071,940.0,-73.636,45.4681,POINT (-73.636 45.4681)
1072,950.0,-73.5967,45.5123,POINT (-73.5967 45.5123)
1073,2150.0,-73.5725,45.4922,POINT (-73.57250000000001 45.4922)
1074,630.0,-73.551,45.5702,POINT (-73.551 45.5702)
1075,1190.0,-73.5935,45.5577,POINT (-73.59350000000001 45.5577)
1076,1500.0,-73.6084,45.4551,POINT (-73.6084 45.4551)
1077,400.0,-73.6292,45.5155,POINT (-73.6292 45.5155)
1078,1450.0,-73.5839,45.5194,POINT (-73.5839 45.5194)
1079,495.0,,,POINT (nan nan)
1080,500.0,-73.616,45.5115,POINT (-73.616 45.5115)
1081,2600.0,-73.6256,45.5522,POINT (-73.62560000000001 45.5522)
1082,760.0,-73.6555,45.4755,POINT (-73.6555 45.4755)
1083,850.0,-73.6444,45.5652,POINT (-73.6444 45.5652)
1084,550.0,-73.7231,45.5353,POINT (-73.7231 45.5353)
1085,575.0,-73.9515,45.418,POINT (-73.9515 45.418)
1086,1090.0,-73.6084,45.4551,POINT (-73.6084 45.4551)
1087,950.0,-73.5744,45.5252,POINT (-73.5744 45.5252)
1088,980.0,-73.6442,45.4988,POINT (-73.6442 45.4988)
1089,1775.0,-73.5672,45.53,POINT (-73.5672 45.53)
1090,1600.0,-73.5679,45.503,POINT (-73.56789999999999 45.503)
1091,291.0,-73.5672,45.5058,POINT (-73.5672 45.5058)
1092,858.0,-73.5672,45.5058,POINT (-73.5672 45.5058)
1093,367.0,-73.5672,45.5058,POINT (-73.5672 45.5058)
1094,1538.0,-73.5672,45.5058,POINT (-73.5672 45.5058)
1095,1500.0,-73.6144,45.5356,POINT (-73.6144 45.5356)
1096,520.0,-73.564,45.4858,POINT (-73.56399999999999 45.4858)
1097,500.0,-73.616,45.5115,POINT (-73.616 45.5115)
1098,800.0,-73.6144,45.5356,POINT (-73.6144 45.5356)
1099,600.0,-73.5967,45.5123,POINT (-73.5967 45.5123)
1100,720.0,-73.5839,45.5194,POINT (-73.5839 45.5194)
1101,2200.0,-73.5744,45.5252,POINT (-73.5744 45.5252)
1102,1375.0,-73.6464,45.5335,POINT (-73.6464 45.5335)
1103,1850.0,-73.5967,45.5123,POINT (-73.5967 45.5123)
1104,1095.0,-73.5559,45.5902,POINT (-73.55589999999999 45.5902)
1105,1800.0,-73.6418,45.5409,POINT (-73.6418 45.5409)
1106,1225.0,-73.6292,45.5155,POINT (-73.6292 45.5155)
1107,850.0,-73.5744,45.5252,POINT (-73.5744 45.5252)
1108,820.0,-73.6524,45.5829,POINT (-73.6524 45.5829)
1109,1795.0,-73.5679,45.503,POINT (-73.56789999999999 45.503)
1110,725.0,-73.5869,45.5653,POINT (-73.5869 45.5653)
1111,1750.0,-73.5679,45.503,POINT (-73.56789999999999 45.503)
1112,500.0,,,POINT (nan nan)
1113,539.0,-73.551,45.5702,POINT (-73.551 45.5702)
1114,735.0,-73.5869,45.5653,POINT (-73.5869 45.5653)
1115,960.0,-73.598,45.5525,POINT (-73.598 45.5525)
1116,870.0,-73.647,45.5664,POINT (-73.64700000000001 45.5664)
1117,3200.0,-73.6418,45.5409,POINT (-73.6418 45.5409)
1118,2850.0,-73.5623,45.5066,POINT (-73.56229999999999 45.5066)
1119,2750.0,-73.5744,45.5252,POINT (-73.5744 45.5252)
1120,1039.0,-73.6807,45.5329,POINT (-73.6807 45.5329)
1121,949.0,-73.6807,45.5329,POINT (-73.6807 45.5329)
1122,1279.0,-73.6807,45.5329,POINT (-73.6807 45.5329)
1123,900.0,-73.6256,45.5522,POINT (-73.62560000000001 45.5522)
1124,1000.0,-73.6061,45.5434,POINT (-73.6061 45.5434)
1125,750.0,-73.5616,45.5423,POINT (-73.5616 45.5423)
1126,790.0,-73.5935,45.5577,POINT (-73.59350000000001 45.5577)
1127,795.0,-73.6464,45.5335,POINT (-73.6464 45.5335)
1128,1475.0,-73.6464,45.5335,POINT (-73.6464 45.5335)
1129,1450.0,-73.5839,45.5194,POINT (-73.5839 45.5194)
1130,990.0,-73.5818,45.4532,POINT (-73.5818 45.4532)
1131,1100.0,-73.5863,45.468,POINT (-73.58629999999999 45.468)
1132,470.0,-73.6118,45.5583,POINT (-73.6118 45.5583)
1133,1295.0,-73.6292,45.5155,POINT (-73.6292 45.5155)
1134,1380.0,-73.5744,45.5252,POINT (-73.5744 45.5252)
1135,1850.0,-73.598,45.5525,POINT (-73.598 45.5525)
1136,995.0,-73.6144,45.5356,POINT (-73.6144 45.5356)
1137,1150.0,-73.5979,45.4371,POINT (-73.5979 45.4371)
1138,833.0,-73.5672,45.53,POINT (-73.5672 45.53)
1139,1100.0,-73.6266,45.5452,POINT (-73.6266 45.5452)
1140,450.0,-73.6256,45.5522,POINT (-73.62560000000001 45.5522)
1141,450.0,-73.6256,45.5522,POINT (-73.62560000000001 45.5522)
1142,1395.0,-73.5559,45.5902,POINT (-73.55589999999999 45.5902)
1143,1350.0,-73.6266,45.5452,POINT (-73.6266 45.5452)
1144,595.0,-73.5616,45.5423,POINT (-73.5616 45.5423)
1145,665.0,-73.5837,45.5377,POINT (-73.58369999999999 45.5377)
1146,1500.0,-73.6153,45.5298,POINT (-73.6153 45.5298)
1147,495.0,-73.6811,45.4496,POINT (-73.6811 45.4496)
1148,2515.0,-73.5869,45.5653,POINT (-73.5869 45.5653)
1149,905.0,-73.5869,45.5653,POINT (-73.5869 45.5653)
1150,1320.0,-73.5863,45.468,POINT (-73.58629999999999 45.468)
1151,895.0,-73.6256,45.5522,POINT (-73.62560000000001 45.5522)
1152,250.0,-73.5837,45.5377,POINT (-73.58369999999999 45.5377)
1153,1020.0,-73.6754,45.5529,POINT (-73.6754 45.5529)
1154,2050.0,,,POINT (nan nan)
1155,1150.0,,,POINT (nan nan)
1156,1210.0,-73.5744,45.5252,POINT (-73.5744 45.5252)
1157,825.0,-73.7192,45.4648,POINT (-73.7192 45.4648)
1158,1184.0,-73.5457,45.4679,POINT (-73.5457 45.4679)
1159,1250.0,-73.5863,45.468,POINT (-73.58629999999999 45.468)
1160,1795.0,-73.5863,45.468,POINT (-73.58629999999999 45.468)
1161,550.0,-73.5616,45.5423,POINT (-73.5616 45.5423)
1162,1225.0,-73.5559,45.5902,POINT (-73.55589999999999 45.5902)
1163,780.0,-73.6118,45.5583,POINT (-73.6118 45.5583)
1164,1520.0,-73.5869,45.5653,POINT (-73.5869 45.5653)
1165,1416.0,-73.6704,45.478,POINT (-73.6704 45.478)
1166,950.0,-73.5428,45.6077,POINT (-73.5428 45.6077)
1167,2100.0,-73.6153,45.5298,POINT (-73.6153 45.5298)
1168,990.0,-73.5744,45.5252,POINT (-73.5744 45.5252)
1169,760.0,-73.5863,45.468,POINT (-73.58629999999999 45.468)
1170,1400.0,-73.5616,45.5423,POINT (-73.5616 45.5423)
1171,1825.0,-73.5837,45.5377,POINT (-73.58369999999999 45.5377)
1172,1388.0,-73.6974,45.5269,POINT (-73.6974 45.5269)
1173,1050.0,-73.569,45.6036,POINT (-73.569 45.6036)
1174,500.0,-73.6266,45.5452,POINT (-73.6266 45.5452)
1175,2400.0,-73.5744,45.5252,POINT (-73.5744 45.5252)
1176,1600.0,-73.5744,45.5252,POINT (-73.5744 45.5252)
1177,1400.0,-73.6389,45.6061,POINT (-73.63890000000001 45.6061)
1178,860.0,-73.551,45.5702,POINT (-73.551 45.5702)
1179,1200.0,-73.5428,45.6077,POINT (-73.5428 45.6077)
1180,800.0,-73.6524,45.5829,POINT (-73.6524 45.5829)
1181,500.0,-73.6811,45.4496,POINT (-73.6811 45.4496)
1182,700.0,-73.6256,45.5522,POINT (-73.62560000000001 45.5522)
1183,750.0,-73.564,45.4858,POINT (-73.56399999999999 45.4858)
1184,710.0,-73.5729,45.6595,POINT (-73.5729 45.6595)
1185,1290.0,-73.6256,45.5522,POINT (-73.62560000000001 45.5522)
1186,1075.0,-73.6177,45.4965,POINT (-73.6177 45.4965)
1187,1166.0,-73.5885,45.4909,POINT (-73.5885 45.4909)
1188,1995.0,-73.6292,45.5155,POINT (-73.6292 45.5155)
1189,1095.0,-73.6292,45.5155,POINT (-73.6292 45.5155)
1190,1450.0,-73.6292,45.5155,POINT (-73.6292 45.5155)
1191,1680.0,-73.5928,45.5289,POINT (-73.5928 45.5289)
1192,949.0,-73.6524,45.5829,POINT (-73.6524 45.5829)
1193,795.0,-73.5729,45.6595,POINT (-73.5729 45.6595)
1194,975.0,-73.6444,45.5652,POINT (-73.6444 45.5652)
1195,1900.0,-73.5457,45.4679,POINT (-73.5457 45.4679)
1196,700.0,-73.6524,45.5829,POINT (-73.6524 45.5829)
1197,575.0,-73.6266,45.5452,POINT (-73.6266 45.5452)
1198,1350.0,-73.6442,45.4988,POINT (-73.6442 45.4988)
1199,1500.0,-73.5853,45.5019,POINT (-73.5853 45.5019)
1200,1650.0,-73.5679,45.503,POINT (-73.56789999999999 45.503)
1201,960.0,-73.598,45.5525,POINT (-73.598 45.5525)
1202,1695.0,-73.6144,45.5356,POINT (-73.6144 45.5356)
1203,650.0,-73.6256,45.5522,POINT (-73.62560000000001 45.5522)
1204,1150.0,-73.5679,45.503,POINT (-73.56789999999999 45.503)
1205,685.0,-73.5928,45.5289,POINT (-73.5928 45.5289)
1206,995.0,-73.598,45.5525,POINT (-73.598 45.5525)
1207,2350.0,-73.5853,45.5019,POINT (-73.5853 45.5019)
1208,785.0,-73.6266,45.5452,POINT (-73.6266 45.5452)
1209,800.0,-73.5869,45.5653,POINT (-73.5869 45.5653)
1210,635.0,-73.5935,45.5577,POINT (-73.59350000000001 45.5577)
1211,705.0,-73.6144,45.5356,POINT (-73.6144 45.5356)
1212,685.0,-73.5935,45.5577,POINT (-73.59350000000001 45.5577)
1213,790.0,-73.5869,45.5653,POINT (-73.5869 45.5653)
1214,675.0,-73.5672,45.53,POINT (-73.5672 45.53)
1215,660.0,-73.5672,45.53,POINT (-73.5672 45.53)
1216,790.0,-73.5672,45.53,POINT (-73.5672 45.53)
1217,420.0,-73.5616,45.5423,POINT (-73.5616 45.5423)
1218,850.0,-73.598,45.5525,POINT (-73.598 45.5525)
1219,1500.0,-73.6252,45.4781,POINT (-73.62520000000001 45.4781)
1220,1365.0,-73.6177,45.4965,POINT (-73.6177 45.4965)
1221,2660.0,-73.6292,45.5155,POINT (-73.6292 45.5155)
1222,960.0,-73.5428,45.6077,POINT (-73.5428 45.6077)
1223,760.0,-73.8446,45.4794,POINT (-73.8446 45.4794)
1224,1440.0,-73.6292,45.5155,POINT (-73.6292 45.5155)
1225,850.0,-73.551,45.5702,POINT (-73.551 45.5702)
1226,1800.0,-73.6144,45.5356,POINT (-73.6144 45.5356)
1227,1050.0,-73.5837,45.5377,POINT (-73.58369999999999 45.5377)
1228,670.0,-73.5744,45.5252,POINT (-73.5744 45.5252)
1229,1650.0,-73.6974,45.5269,POINT (-73.6974 45.5269)
1230,1845.0,-73.5967,45.5123,POINT (-73.5967 45.5123)
1231,1499.0,-73.6177,45.4965,POINT (-73.6177 45.4965)
1232,1395.0,-73.5922,45.478,POINT (-73.59220000000001 45.478)
1233,1195.0,-73.6177,45.4965,POINT (-73.6177 45.4965)
1234,1899.0,-73.5922,45.478,POINT (-73.59220000000001 45.478)
1235,1100.0,-73.6979,45.5459,POINT (-73.6979 45.5459)
1236,3000.0,-73.6444,45.5652,POINT (-73.6444 45.5652)
1237,550.0,-73.6292,45.5155,POINT (-73.6292 45.5155)
1238,1295.0,-73.6144,45.5356,POINT (-73.6144 45.5356)
1239,1355.0,-73.6177,45.4965,POINT (-73.6177 45.4965)
1240,1495.0,-73.6442,45.4988,POINT (-73.6442 45.4988)
1241,895.0,-73.6061,45.5434,POINT (-73.6061 45.5434)
1242,1475.0,-73.6464,45.5335,POINT (-73.6464 45.5335)
1243,825.0,-73.7192,45.4648,POINT (-73.7192 45.4648)
1244,1250.0,-73.5744,45.5252,POINT (-73.5744 45.5252)
1245,860.0,-73.7192,45.4648,POINT (-73.7192 45.4648)
1246,860.0,-73.7192,45.4648,POINT (-73.7192 45.4648)
1247,1250.0,-73.5928,45.5289,POINT (-73.5928 45.5289)
1248,1155.0,-73.6061,45.5434,POINT (-73.6061 45.5434)
1249,775.0,-73.6292,45.5155,POINT (-73.6292 45.5155)
1250,1350.0,-73.5839,45.5194,POINT (-73.5839 45.5194)
1251,875.0,-73.5928,45.5289,POINT (-73.5928 45.5289)
1252,1875.0,-73.5428,45.6077,POINT (-73.5428 45.6077)
1253,1300.0,-73.6483,45.4915,POINT (-73.64830000000001 45.4915)
1254,1445.0,-73.6483,45.4915,POINT (-73.64830000000001 45.4915)
1255,1245.0,-73.6483,45.4915,POINT (-73.64830000000001 45.4915)
1256,500.0,-73.6444,45.5652,POINT (-73.6444 45.5652)
1257,866.0,-73.5967,45.5123,POINT (-73.5967 45.5123)
1258,990.0,-73.5744,45.5252,POINT (-73.5744 45.5252)
1259,2375.0,-73.5863,45.468,POINT (-73.58629999999999 45.468)
1260,1350.0,-73.5679,45.503,POINT (-73.56789999999999 45.503)
1261,875.0,-73.5744,45.5252,POINT (-73.5744 45.5252)
1262,660.0,-73.6024,45.5278,POINT (-73.6024 45.5278)
1263,1355.0,-73.6177,45.4965,POINT (-73.6177 45.4965)
1264,2325.0,-73.5967,45.5123,POINT (-73.5967 45.5123)
1265,1085.0,-73.6061,45.5434,POINT (-73.6061 45.5434)
1266,915.0,-73.5616,45.5423,POINT (-73.5616 45.5423)
1267,1750.0,-73.5744,45.5252,POINT (-73.5744 45.5252)
1268,750.0,-73.5428,45.6077,POINT (-73.5428 45.6077)
1269,1250.0,-73.6256,45.5522,POINT (-73.62560000000001 45.5522)
1270,820.0,-73.6418,45.5409,POINT (-73.6418 45.5409)
1271,1460.0,-73.6464,45.5335,POINT (-73.6464 45.5335)
1272,725.0,-73.6061,45.5434,POINT (-73.6061 45.5434)
1273,850.0,-73.5362,45.5943,POINT (-73.53619999999999 45.5943)
1274,750.0,-73.6292,45.5155,POINT (-73.6292 45.5155)
1275,1110.0,-73.6292,45.5155,POINT (-73.6292 45.5155)
1276,800.0,-73.616,45.5115,POINT (-73.616 45.5115)
1277,1360.0,-73.616,45.5115,POINT (-73.616 45.5115)
1278,825.0,-73.6555,45.4755,POINT (-73.6555 45.4755)
1279,960.0,-73.6464,45.5335,POINT (-73.6464 45.5335)
1280,800.0,-73.6266,45.5452,POINT (-73.6266 45.5452)
1281,840.0,-73.6464,45.5335,POINT (-73.6464 45.5335)
1282,820.0,-73.6153,45.5298,POINT (-73.6153 45.5298)
1283,1099.0,-73.6229,45.5844,POINT (-73.6229 45.5844)
1284,890.0,-73.6464,45.5335,POINT (-73.6464 45.5335)
1285,995.0,-73.5853,45.5019,POINT (-73.5853 45.5019)
1286,995.0,-73.6229,45.5844,POINT (-73.6229 45.5844)
1287,725.0,-73.5729,45.6595,POINT (-73.5729 45.6595)
1288,880.0,-73.5869,45.5653,POINT (-73.5869 45.5653)
1289,1275.0,-73.6118,45.5583,POINT (-73.6118 45.5583)
1290,800.0,-73.5869,45.5653,POINT (-73.5869 45.5653)
1291,1100.0,-73.6256,45.5522,POINT (-73.62560000000001 45.5522)
1292,850.0,-73.5928,45.5289,POINT (-73.5928 45.5289)
1293,1500.0,-73.5679,45.503,POINT (-73.56789999999999 45.503)
1294,1350.0,,,POINT (nan nan)
1295,1350.0,-73.6807,45.5329,POINT (-73.6807 45.5329)
1296,870.0,,,POINT (nan nan)
1297,1900.0,-73.6442,45.4988,POINT (-73.6442 45.4988)
1298,1500.0,-73.6144,45.5356,POINT (-73.6144 45.5356)
1299,850.0,-73.5928,45.5289,POINT (-73.5928 45.5289)
1300,1094.0,-73.5559,45.5902,POINT (-73.55589999999999 45.5902)
1301,926.0,-73.5967,45.5123,POINT (-73.5967 45.5123)
1302,1800.0,-73.5922,45.478,POINT (-73.59220000000001 45.478)
1303,270.0,-73.6444,45.5652,POINT (-73.6444 45.5652)
1304,850.0,-73.6442,45.4988,POINT (-73.6442 45.4988)
1305,600.0,-73.5739,45.5148,POINT (-73.57389999999999 45.5148)
1306,1245.0,-73.6442,45.4988,POINT (-73.6442 45.4988)
1307,850.0,-73.5744,45.5252,POINT (-73.5744 45.5252)
1308,2000.0,-73.5739,45.5148,POINT (-73.57389999999999 45.5148)
1309,750.0,-73.6024,45.5278,POINT (-73.6024 45.5278)
1310,775.0,-73.5928,45.5289,POINT (-73.5928 45.5289)
1311,1050.0,-73.5744,45.5252,POINT (-73.5744 45.5252)
1312,800.0,-73.659,45.5402,POINT (-73.65900000000001 45.5402)
1313,2230.0,-73.5744,45.5252,POINT (-73.5744 45.5252)
1314,1500.0,-73.6153,45.5298,POINT (-73.6153 45.5298)
1315,945.0,-73.636,45.4681,POINT (-73.636 45.4681)
1316,900.0,-73.5863,45.468,POINT (-73.58629999999999 45.468)
1317,1615.0,-73.6144,45.5356,POINT (-73.6144 45.5356)
1318,2100.0,-73.5928,45.5289,POINT (-73.5928 45.5289)
1319,400.0,-73.647,45.5664,POINT (-73.64700000000001 45.5664)
1320,2200.0,-73.6118,45.5583,POINT (-73.6118 45.5583)
1321,685.0,-73.5616,45.5423,POINT (-73.5616 45.5423)
1322,1000.0,-73.5362,45.5943,POINT (-73.53619999999999 45.5943)
1323,685.0,-73.5616,45.5423,POINT (-73.5616 45.5423)
1324,900.0,-73.6389,45.6061,POINT (-73.63890000000001 45.6061)
1325,1800.0,-73.5679,45.503,POINT (-73.56789999999999 45.503)
1326,1225.0,-73.6524,45.5829,POINT (-73.6524 45.5829)
1327,950.0,-73.5744,45.5252,POINT (-73.5744 45.5252)
1328,650.0,-73.5499,45.5719,POINT (-73.54989999999999 45.5719)
1329,1180.0,-73.5616,45.5423,POINT (-73.5616 45.5423)
1330,775.0,-73.6292,45.5155,POINT (-73.6292 45.5155)
1331,575.0,-73.6118,45.5583,POINT (-73.6118 45.5583)
1332,1295.0,-73.5623,45.5066,POINT (-73.56229999999999 45.5066)
1333,775.0,-73.6515,45.55,POINT (-73.6515 45.55)
1334,1880.0,-73.6442,45.4988,POINT (-73.6442 45.4988)
1335,1450.0,-73.5798,45.4644,POINT (-73.57980000000001 45.4644)
1336,1380.0,-73.5967,45.5123,POINT (-73.5967 45.5123)
1337,1990.0,-73.5839,45.5194,POINT (-73.5839 45.5194)
1338,2600.0,-73.6024,45.5278,POINT (-73.6024 45.5278)
1339,2120.0,-73.5804,45.5078,POINT (-73.5804 45.5078)
1340,490.0,-73.5616,45.5423,POINT (-73.5616 45.5423)
1341,900.0,-73.6266,45.5452,POINT (-73.6266 45.5452)
1342,1250.0,-73.5672,45.53,POINT (-73.5672 45.53)
1343,1095.0,-73.5559,45.5902,POINT (-73.55589999999999 45.5902)
1344,945.0,-73.636,45.4681,POINT (-73.636 45.4681)
1345,1145.0,-73.564,45.4858,POINT (-73.56399999999999 45.4858)
1346,595.0,-73.5979,45.4371,POINT (-73.5979 45.4371)
1347,1700.0,-73.551,45.5702,POINT (-73.551 45.5702)
1348,1250.0,-73.5672,45.53,POINT (-73.5672 45.53)
1349,825.0,-73.551,45.5702,POINT (-73.551 45.5702)
1350,1800.0,-73.6061,45.5434,POINT (-73.6061 45.5434)
1351,695.0,-73.551,45.5702,POINT (-73.551 45.5702)
1352,1600.0,-73.598,45.5525,POINT (-73.598 45.5525)
1353,900.0,-73.636,45.4681,POINT (-73.636 45.4681)
1354,2350.0,-73.5739,45.5148,POINT (-73.57389999999999 45.5148)
1355,995.0,-73.5935,45.5577,POINT (-73.59350000000001 45.5577)
1356,1550.0,-73.5967,45.5123,POINT (-73.5967 45.5123)
1357,1500.0,-73.5979,45.4371,POINT (-73.5979 45.4371)
1358,1690.0,-73.5853,45.5019,POINT (-73.5853 45.5019)
1359,1550.0,-73.6754,45.5529,POINT (-73.6754 45.5529)
1360,1140.0,-73.5739,45.5148,POINT (-73.57389999999999 45.5148)
1361,1120.0,-73.5967,45.5123,POINT (-73.5967 45.5123)
1362,1425.0,-73.5985,45.5716,POINT (-73.5985 45.5716)
1363,1099.0,-73.6229,45.5844,POINT (-73.6229 45.5844)
1364,900.0,-73.6389,45.6061,POINT (-73.63890000000001 45.6061)
1365,1350.0,-73.5967,45.5123,POINT (-73.5967 45.5123)
1366,900.0,-73.551,45.5702,POINT (-73.551 45.5702)
1367,1150.0,-73.5502,45.6454,POINT (-73.5502 45.6454)
1368,1425.0,-73.5985,45.5716,POINT (-73.5985 45.5716)
1369,995.0,-73.5739,45.5148,POINT (-73.57389999999999 45.5148)
1370,820.0,-73.636,45.4681,POINT (-73.636 45.4681)
1371,1490.0,-73.5744,45.5252,POINT (-73.5744 45.5252)
1372,1000.0,-73.5362,45.5943,POINT (-73.53619999999999 45.5943)
1373,640.0,-73.551,45.5702,POINT (-73.551 45.5702)
1374,500.0,-73.5672,45.53,POINT (-73.5672 45.53)
1375,1495.0,-73.5818,45.4532,POINT (-73.5818 45.4532)
1376,575.0,-73.6754,45.5529,POINT (-73.6754 45.5529)
1377,1425.0,-73.5672,45.53,POINT (-73.5672 45.53)
1378,820.0,-73.6256,45.5522,POINT (-73.62560000000001 45.5522)
1379,1100.0,-73.5672,45.53,POINT (-73.5672 45.53)
1380,1550.0,-73.5967,45.5123,POINT (-73.5967 45.5123)
1381,715.0,-73.6292,45.5155,POINT (-73.6292 45.5155)
1382,1495.0,-73.5922,45.478,POINT (-73.59220000000001 45.478)
1383,1299.0,-73.5798,45.4644,POINT (-73.57980000000001 45.4644)
1384,2999.0,-73.616,45.5115,POINT (-73.616 45.5115)
1385,999.0,-73.6442,45.4988,POINT (-73.6442 45.4988)
1386,1199.0,-73.6442,45.4988,POINT (-73.6442 45.4988)
1387,999.0,-73.7231,45.5353,POINT (-73.7231 45.5353)
1388,899.0,-73.6442,45.4988,POINT (-73.6442 45.4988)
1389,1299.0,-73.7231,45.5353,POINT (-73.7231 45.5353)
1390,1100.0,-73.6061,45.5434,POINT (-73.6061 45.5434)
1391,1450.0,-73.5739,45.5148,POINT (-73.57389999999999 45.5148)
1392,1599.0,-73.6754,45.5529,POINT (-73.6754 45.5529)
1393,1250.0,-73.6754,45.5529,POINT (-73.6754 45.5529)
1394,1099.0,-73.5739,45.5148,POINT (-73.57389999999999 45.5148)
1395,875.0,-73.5739,45.5148,POINT (-73.57389999999999 45.5148)
1396,2340.0,-73.5922,45.478,POINT (-73.59220000000001 45.478)
1397,950.0,-73.5869,45.5653,POINT (-73.5869 45.5653)
1398,1095.0,-73.5869,45.5653,POINT (-73.5869 45.5653)
1399,1585.0,-73.6266,45.5452,POINT (-73.6266 45.5452)
1400,1325.0,-73.5559,45.5902,POINT (-73.55589999999999 45.5902)
1401,4000.0,-73.5744,45.5252,POINT (-73.5744 45.5252)
1402,890.0,-73.5362,45.5943,POINT (-73.53619999999999 45.5943)
1403,860.0,-73.5798,45.4644,POINT (-73.57980000000001 45.4644)
1404,700.0,-73.5729,45.6595,POINT (-73.5729 45.6595)
1405,1250.0,-73.5863,45.468,POINT (-73.58629999999999 45.468)
1406,1495.0,-73.5928,45.5289,POINT (-73.5928 45.5289)
1407,1900.0,-73.6442,45.4988,POINT (-73.6442 45.4988)
1408,995.0,-73.5853,45.5019,POINT (-73.5853 45.5019)
1409,490.0,-73.6754,45.5529,POINT (-73.6754 45.5529)
1410,1120.0,-73.6444,45.5652,POINT (-73.6444 45.5652)
1411,450.0,-73.6442,45.4988,POINT (-73.6442 45.4988)
1412,1500.0,-73.5744,45.5252,POINT (-73.5744 45.5252)
1413,1055.0,-73.6483,45.4915,POINT (-73.64830000000001 45.4915)
1414,1870.0,-73.5744,45.5252,POINT (-73.5744 45.5252)
1415,1820.0,-73.5744,45.5252,POINT (-73.5744 45.5252)
1416,1590.0,-73.5744,45.5252,POINT (-73.5744 45.5252)
1417,1776.0,-73.5744,45.5252,POINT (-73.5744 45.5252)
1418,2650.0,-73.6024,45.5278,POINT (-73.6024 45.5278)
1419,1390.0,-73.5679,45.503,POINT (-73.56789999999999 45.503)
1420,1100.0,-73.6557,45.4473,POINT (-73.6557 45.4473)
1421,1150.0,-73.5672,45.53,POINT (-73.5672 45.53)
1422,1765.0,-73.5967,45.5123,POINT (-73.5967 45.5123)
1423,675.0,-73.7231,45.5353,POINT (-73.7231 45.5353)
1424,1250.0,-73.5679,45.503,POINT (-73.56789999999999 45.503)
1425,750.0,-73.551,45.5702,POINT (-73.551 45.5702)
1426,2350.0,-73.5739,45.5148,POINT (-73.57389999999999 45.5148)
1427,795.0,-73.5837,45.5377,POINT (-73.58369999999999 45.5377)
1428,1275.0,-73.5922,45.478,POINT (-73.59220000000001 45.478)
1429,1500.0,-73.5839,45.5194,POINT (-73.5839 45.5194)
1430,1200.0,-73.551,45.5702,POINT (-73.551 45.5702)
1431,800.0,-73.5967,45.5123,POINT (-73.5967 45.5123)
1432,900.0,-73.551,45.5702,POINT (-73.551 45.5702)
1433,1225.0,-73.6292,45.5155,POINT (-73.6292 45.5155)
1434,1100.0,-73.6024,45.5278,POINT (-73.6024 45.5278)
1435,1650.0,-73.5798,45.4644,POINT (-73.57980000000001 45.4644)
1436,1200.0,-73.5679,45.503,POINT (-73.56789999999999 45.503)
1437,900.0,-73.6483,45.4915,POINT (-73.64830000000001 45.4915)
1438,825.0,-73.6444,45.5652,POINT (-73.6444 45.5652)
1439,1700.0,-73.5672,45.53,POINT (-73.5672 45.53)
1440,1290.0,-73.5739,45.5148,POINT (-73.57389999999999 45.5148)
1441,1290.0,-73.5739,45.5148,POINT (-73.57389999999999 45.5148)
1442,820.0,-73.6256,45.5522,POINT (-73.62560000000001 45.5522)
1443,925.0,-73.6444,45.5652,POINT (-73.6444 45.5652)
1444,640.0,-73.551,45.5702,POINT (-73.551 45.5702)
1445,1195.0,-73.6229,45.5844,POINT (-73.6229 45.5844)
1446,1395.0,-73.6229,45.5844,POINT (-73.6229 45.5844)
1447,1550.0,-73.5744,45.5252,POINT (-73.5744 45.5252)
1448,595.0,-73.6292,45.5155,POINT (-73.6292 45.5155)
1449,1299.0,-73.5739,45.5148,POINT (-73.57389999999999 45.5148)
1450,1765.0,-73.5967,45.5123,POINT (-73.5967 45.5123)
1451,1300.0,-73.6266,45.5452,POINT (-73.6266 45.5452)
1452,585.0,-73.5559,45.5902,POINT (-73.55589999999999 45.5902)
1453,820.0,-73.6256,45.5522,POINT (-73.62560000000001 45.5522)
1454,1195.0,-73.5499,45.5719,POINT (-73.54989999999999 45.5719)
1455,775.0,,,POINT (nan nan)
1456,1100.0,-73.6252,45.4781,POINT (-73.62520000000001 45.4781)
1457,942.0,-73.6144,45.5356,POINT (-73.6144 45.5356)
1458,915.0,-73.5616,45.5423,POINT (-73.5616 45.5423)
1459,1450.0,-73.5798,45.4644,POINT (-73.57980000000001 45.4644)
1460,1445.0,-73.5739,45.5148,POINT (-73.57389999999999 45.5148)
1461,775.0,-73.6292,45.5155,POINT (-73.6292 45.5155)
1462,1100.0,-73.5739,45.5148,POINT (-73.57389999999999 45.5148)
1463,1200.0,-73.6252,45.4781,POINT (-73.62520000000001 45.4781)
1464,1295.0,-73.5935,45.5577,POINT (-73.59350000000001 45.5577)
1465,1750.0,-73.6389,45.6061,POINT (-73.63890000000001 45.6061)
1466,850.0,-73.5499,45.5719,POINT (-73.54989999999999 45.5719)
1467,790.0,-73.6557,45.4473,POINT (-73.6557 45.4473)
1468,1125.0,-73.5869,45.5653,POINT (-73.5869 45.5653)
1469,875.0,-73.5869,45.5653,POINT (-73.5869 45.5653)
1470,850.0,-73.5863,45.468,POINT (-73.58629999999999 45.468)
1471,1625.0,-73.6464,45.5335,POINT (-73.6464 45.5335)
1472,1400.0,-73.6754,45.5529,POINT (-73.6754 45.5529)
1473,1300.0,-73.6555,45.4755,POINT (-73.6555 45.4755)
1474,850.0,-73.6444,45.5652,POINT (-73.6444 45.5652)
1475,975.0,,,POINT (nan nan)
1476,700.0,-73.5967,45.5123,POINT (-73.5967 45.5123)
1477,1250.0,-73.6555,45.4755,POINT (-73.6555 45.4755)
1478,800.0,-73.6807,45.5329,POINT (-73.6807 45.5329)
1479,590.0,-73.5967,45.5123,POINT (-73.5967 45.5123)
1480,1095.0,-73.5559,45.5902,POINT (-73.55589999999999 45.5902)
1481,775.0,-73.6292,45.5155,POINT (-73.6292 45.5155)
1482,900.0,-73.551,45.5702,POINT (-73.551 45.5702)
1483,800.0,-73.6418,45.5409,POINT (-73.6418 45.5409)
1484,1095.0,-73.5863,45.468,POINT (-73.58629999999999 45.468)
1485,1430.0,-73.5869,45.5653,POINT (-73.5869 45.5653)
1486,915.0,-73.6524,45.5829,POINT (-73.6524 45.5829)
1487,1915.0,-73.5679,45.503,POINT (-73.56789999999999 45.503)
1488,1150.0,-73.6555,45.4755,POINT (-73.6555 45.4755)
1489,1690.0,-73.551,45.5702,POINT (-73.551 45.5702)
1490,1430.0,-73.5679,45.503,POINT (-73.56789999999999 45.503)
1491,1200.0,-73.6807,45.5329,POINT (-73.6807 45.5329)
1492,875.0,-73.5616,45.5423,POINT (-73.5616 45.5423)
1493,1650.0,-73.6524,45.5829,POINT (-73.6524 45.5829)
1494,547.0,-73.6442,45.4988,POINT (-73.6442 45.4988)
1495,925.0,-73.5744,45.5252,POINT (-73.5744 45.5252)
1496,1275.0,-73.5935,45.5577,POINT (-73.59350000000001 45.5577)
1497,1300.0,-73.5672,45.53,POINT (-73.5672 45.53)
1498,1950.0,-73.5739,45.5148,POINT (-73.57389999999999 45.5148)
1499,750.0,-73.6418,45.5409,POINT (-73.6418 45.5409)
1500,2525.0,-73.5739,45.5148,POINT (-73.57389999999999 45.5148)
1501,925.0,,,POINT (nan nan)
1502,950.0,-73.6256,45.5522,POINT (-73.62560000000001 45.5522)
1503,650.0,-73.5839,45.5194,POINT (-73.5839 45.5194)
1504,815.0,-73.551,45.5702,POINT (-73.551 45.5702)
1505,550.0,-73.5672,45.53,POINT (-73.5672 45.53)
1506,1500.0,-73.5499,45.5719,POINT (-73.54989999999999 45.5719)
1507,630.0,-73.5502,45.6454,POINT (-73.5502 45.6454)
1508,1650.0,-73.5967,45.5123,POINT (-73.5967 45.5123)
1509,850.0,-73.6024,45.5278,POINT (-73.6024 45.5278)
1510,1600.0,-73.6061,45.5434,POINT (-73.6061 45.5434)
1511,1050.0,-73.6144,45.5356,POINT (-73.6144 45.5356)
1512,1050.0,-73.6292,45.5155,POINT (-73.6292 45.5155)
1513,3800.0,-73.5672,45.5058,POINT (-73.5672 45.5058)
1514,1300.0,-73.564,45.4858,POINT (-73.56399999999999 45.4858)
1515,1550.0,-73.6464,45.5335,POINT (-73.6464 45.5335)
1516,810.0,-73.6557,45.4473,POINT (-73.6557 45.4473)
1517,1450.0,-73.5922,45.478,POINT (-73.59220000000001 45.478)
1518,960.0,-73.5967,45.5123,POINT (-73.5967 45.5123)
1519,1950.0,-73.5967,45.5123,POINT (-73.5967 45.5123)
1520,1135.0,-73.5744,45.5252,POINT (-73.5744 45.5252)
1521,1045.0,-73.5967,45.5123,POINT (-73.5967 45.5123)
1522,1250.0,-73.5967,45.5123,POINT (-73.5967 45.5123)
1523,810.0,-73.5967,45.5123,POINT (-73.5967 45.5123)
1524,1595.0,-73.636,45.4681,POINT (-73.636 45.4681)
